,Gene_1,Gene_2,Gene_3,Gene_4,Gene_5,Gene_6,Gene_7,Gene_8,Gene_9,Gene_10,Gene_11,Gene_12,Gene_13,Gene_14,Gene_15,Gene_16,Gene_17,Gene_18,Gene_19,Gene_20,Gene_21,Gene_22,Gene_23,Gene_24,Gene_25,Gene_26,Gene_27,Gene_28,Gene_29,Gene_30,Gene_31,Gene_32,Gene_33,Gene_34,Gene_35,Gene_36,Gene_37,Gene_38,Gene_39,Gene_40,Gene_41,Gene_42,Gene_43,Gene_44,Gene_45,Gene_46,Gene_47,Gene_48,Gene_49,Gene_50
Cell_1,3.8884,3.474,3.4054,3.3022,2.6872,0,0.8701,1.1675,1.0276,1.3188,1.0323,1.2031,0.6413,1.0233,1.5623,0.6471,1.3191,1.2815,0,0.8807,0,0.2698,1.5879,1.7453,0.7903,0.4332,1.1411,0.7771,0.8122,0.2556,1.8999,1.8581,0.8375,1.2735,0.2278,0.3653,0.3309,0.3324,0.3988,0.7931,1.9665,0.9062,0.7773,1.1551,0.3568,0.4196,0.9592,0.4341,0.9346,1.1808
Cell_2,4.6243,3.4461,3.9748,4.9434,4.2226,1.2235,0.3362,1.248,1.366,1.0402,1.1647,0.4554,1.0346,0.8613,0.6389,0.7956,0.6803,0.7975,1.164,0.8767,0.3165,1.0534,1.2147,0.4741,0.7557,1.6047,0.938,0.9475,1.1341,1.6068,0.1731,1.7148,0,1.8495,1.6894,1.1006,1.1193,0.7713,0.8985,0.726,1.6328,0.9581,0.7137,0.607,0.7515,1.74,1.1794,1.4799,0.8168,0
Cell_3,3.9381,3.6144,2.816,4.4303,5.3319,0.8066,0.7271,0.9665,1.7134,1.2137,1.17,0.7917,1.1806,1.1925,0.8315,1.3904,2.1507,1.5743,0.9885,1.1361,1.1382,0.8679,0.3106,0.9898,0.8214,0.8846,1.5252,1.1808,1.3511,1.221,0.7618,0.4034,0.3854,0.7587,1.6975,0.8415,0.9953,1.0951,0.261,1.2245,1.4204,0.2304,1.3429,1.207,0.4748,0.5795,1.4174,1.0577,0.4821,0.5996
Cell_4,4.5646,4.6294,3.7914,3.2606,2.9513,0.8773,1.6674,1.4292,0.9326,0.874,0.6606,1.3113,1.2493,0,1.2336,0.5841,0.5971,0.9972,1.0681,1.2789,0.9259,0.7313,1.5257,0.7751,1.9024,1.548,1.8549,1.495,0.8099,1.6788,1.1336,0.4501,1.3857,0.2442,1.287,1.0982,0.9162,1.2752,1.2438,2.2805,0.5826,1.0493,0.575,0.5883,1.7581,1.2032,0.8723,2.0639,0.3621,0.3013
Cell_5,3.7268,3.8133,3.5958,4.8428,3.763,0.7989,0.6324,0.4238,1.7587,0.8323,1.0283,1.6856,1.4382,0.5473,1.3198,1.4797,1.0347,0.4249,1.1806,1.487,1.0529,1.7962,1.3221,0.9117,0.8201,1.0055,0.1031,1.565,0.5032,0.411,0.5021,0.434,1.9515,0.8817,1.3486,0.8561,1.3116,0.6745,0.9129,0.948,1.4263,1.5974,1.0572,0.9064,1.2486,0.6485,1.1762,1.4299,1.1257,0.4513
Cell_6,3.5844,3.7172,4.5476,3.6885,4.1126,0.8362,1.1764,0.2184,1.8513,0.8111,0.7525,0.5592,1.0521,1.5804,0.6784,1.0417,1.0513,0.8158,0.7665,0.9742,1.1799,1.5077,1.2768,0.579,0.5937,0.6359,0,1.3289,1.3606,1.4931,1.6154,0.7479,1.8748,0.5415,1.1859,0.4861,1.3712,1.0966,1.1125,1.2046,0.3206,1.1759,1.1401,0,2.0504,1.7909,0.4481,1.1056,1.2167,1.546
Cell_7,4.3863,3.1335,4.2411,4.2091,3.6948,1.3604,0.8688,0.1494,1.3962,0.639,0.3282,0.9323,1.5655,0.9416,1.0951,1.5733,0.6998,0.3691,0.4033,1.0892,1.0249,1.2267,0.8182,0,0,0.4758,0.5408,1.4257,0.2291,0,0.688,0.4437,0,0.9453,1.276,0.6625,0.3039,2.1724,1.1669,1.1814,1.0795,1.3619,0.5898,0.9557,1.2202,0.713,0.5595,0.7342,0.0971,0.9217
Cell_8,5.0043,4.1879,3.2251,4.6945,4.9943,2.0472,0.8533,0.927,1.0663,1.5725,0,1.3163,0.8341,0.7628,0.759,0.473,0.7289,2.1214,1.2151,0.5658,1.5835,0.9177,0.8547,1.3917,1.0194,1.3573,0.7958,1.2826,1.5255,1.3599,1.2431,1.4122,1.2408,1.1466,0.6259,1.3526,1.0671,0.6256,1.4136,1.7147,2.3341,1.1029,0.9855,0.3331,1.7671,1.087,0.3205,0.9481,0.4222,2.0688
Cell_9,4.0195,3.876,4.7854,3.6885,4.7712,1.3065,0.5298,1.2632,0.8252,1.5189,0.6522,2.1638,1.2715,1.0404,1.3655,0.7726,0,0.4818,0.6652,0.3987,0,0,1.7957,1.5511,1.1535,1.1701,1.6419,0.1041,0.9653,0.5253,0.3839,1.0106,1.2514,1.2899,1.3086,0.3416,2.198,0.0609,1.1385,1.3348,0,1.3016,1.2023,1.5838,2.0176,0.7877,2.1779,1.7384,1.0073,0.6697
Cell_10,3.4778,3.8,4.1194,4.1589,3.3441,1.3521,1.8044,0.6319,0.8416,0.7661,0.1855,0.9228,1.633,0.7252,0.842,2.0575,0.5114,1.5447,0.1318,0.5453,0.1805,0.1107,0.4365,0.4023,1.9035,1.2211,1.2558,1.4468,0.2261,0,0.3456,0.9879,0.4085,1.1713,0.644,0.92,1.1629,0.6218,1.2028,1.075,1.7131,0.6484,1.1317,0.7338,0.4701,0.4009,0.751,0.0405,0.5091,0.5838
Cell_11,3.9538,3.4324,4.8998,3.6501,3.068,0.9271,1.1397,1.5665,0.6397,1.1319,0.7194,1.4486,0.96,1.0114,0.8803,0.9172,0.4244,0.5357,0.5074,0.6949,0.6694,2.078,1.6432,1.9664,0.6252,1.1679,0.4035,0.7891,0.7652,1.2432,0.829,1.2263,1.0034,1.5,1.5203,0.2928,0.4161,1.6368,1.1605,0.608,1.1147,1.1361,1.9447,1.101,0.2778,1.5317,0.6372,0.6113,0.7021,0.7856
Cell_12,3.4141,3.16,3.3359,3.9477,3.9556,1.38,0.2753,0.2346,1.997,1.3114,0.4162,0.6245,0.7054,2.0955,0.9034,0.2187,0.0897,1.0385,1.4143,1.1637,0.7911,1.3018,0.611,1.0573,1.0026,1.7783,0.633,0.7049,1.0088,1.3158,0.6954,0.7224,1.6075,1.2373,0.2966,0.2269,0.7862,0.9144,1.2756,1.3633,1.0306,1.2056,1.1866,1.0005,1.1953,0.835,0.4717,0.3043,0.5792,1.2107
Cell_13,3.5574,3.8248,3.7105,4.239,4.4831,0.3499,0.4689,0.6995,1.9974,0.6623,1.6392,1.6395,1.0432,1.2919,1.2512,0.9719,0.9989,1.5787,0.2458,0.7595,0.5233,1.4192,1.409,0.6329,0.4873,1.3169,1.4428,0.1463,1.3168,1.5585,1.1464,1.2522,1.0371,1.5622,0.5684,0.7205,0.1741,1.2763,1.8927,0.6811,1.6734,1.4854,1.6915,0.56,1.0904,1.2483,0.8542,0.4273,0.8924,1.9662
Cell_14,3.6513,3.6014,4.7878,3.6991,3.4684,2.179,0.6563,0.5182,0.8024,0,0.9155,0.2366,1.3185,0.5684,1.2416,1.401,0.9468,1.2698,0,0.5125,0.96,1.2834,0.8753,1.9099,1.1171,1.2017,1.1974,1.6127,1.3541,0.9549,0.725,1.4643,0.5998,0.4622,0.9773,0.0466,1.0545,1.5591,1.0093,0.5454,1.8841,0.7379,0.9876,0.7126,0.8771,1.7129,0.2977,1.0976,1.3277,1.1392
Cell_15,4.1503,3.9642,3.7578,3.3357,2.8019,0.514,1.2119,1.1585,1.2669,1.3169,1.0419,1.5538,0.9907,1.9591,0.769,0.7066,1.0977,1.7241,1.2809,0.5118,1.0112,0.6745,0.8985,0.8374,1.7197,1.167,1.2901,0.0714,0.3461,1.0353,0.9278,1.5648,1.2004,1.4114,0.8594,1.0122,0.2837,0.9718,1.0671,0.3573,1.0004,1.2064,1.9891,1.303,1.4504,0.5198,0.5928,1.3158,2.2711,0.7877
Cell_16,4.1926,4.5146,3.8756,4.4292,3.7813,0.3353,1.5066,1.5193,1.6722,0.6139,1.0923,1.0145,0.3122,1.5134,0.5518,0.6115,1.6911,1.3301,0.9359,1.3643,1.0928,0.9525,1.2765,2.2005,1.4963,0.7941,1.1667,0.2212,0.8939,1.2087,1.3991,0.5061,1.9112,0.7493,0.2351,1.1195,0.1404,2.6605,1.6107,1.3559,0.8702,0,1.0317,1.1849,0.9006,0.8629,0.6579,1.5479,1.0422,0.9161
Cell_17,3.7852,4.1671,4.993,3.5656,4.3603,1.0234,1.4921,0.971,1.842,1.7098,0.7194,1.3581,0.9394,1.7587,1.6418,0,1.387,0.7526,0.3322,0,0.8425,1.2259,1.6463,0.673,1.1406,0.3326,0.6222,1.1932,0.6144,1.592,1.0876,1.1332,1.295,0.7032,0.9494,0.8397,1.8069,1.2829,0.3792,0.8199,0.633,1.8858,0.7559,1.6215,0.3868,0.6829,0,1.691,0.3349,0.2028
Cell_18,4.6683,3.8496,3.7328,4.4027,4.8224,0.9497,1.4758,0.8533,1.3556,1.1737,1.0874,1.2288,1.6538,1.6447,1.2435,1.6973,1.1933,0.4502,0.8773,1.4375,0.752,0.5015,1.3961,1.0271,1.1572,1.4318,0.2287,0.381,0.3102,1.4843,1.4967,0.8273,1.98,1.0579,1.3366,1.2312,0.8961,0.2037,1.347,1.1761,0.8929,0.9623,0.5964,1.2196,0.9823,1.2491,0.6874,0.6407,1.3837,1.206
Cell_19,3.5938,5.1488,3.377,5.0101,4.0252,1.75,0.8575,0.4007,0.144,1.0833,0.7954,0.3173,1.2646,1.3631,0.8706,1.5037,1.2815,1.7536,0.5827,0.5938,0.1879,1.1987,1.5439,0.697,0.7946,0.6389,1.6049,2.1698,1.3042,0.8017,0.928,1.0946,1.0785,0.7316,0.8081,0.7737,0.9979,0.4961,0.6633,1.1948,1.0691,1.1217,0.8956,1.3287,1.2103,1.7558,0.9449,1.0264,0.6062,1.6256
Cell_20,4.7276,5.5375,4.6192,3.1455,4.5293,1.3061,0.3941,0.7864,0.8376,0.6476,1.2129,1.4767,1.0566,1.0857,1.0509,0.1708,0.6076,0.9013,1.4001,1.6994,1.3758,0.5956,1.0036,0.761,0.247,1.2564,0.9072,0.8909,0.7335,1.2436,1.5957,1.2699,1.1422,1.0911,1.271,0.6676,0.3694,1.4509,0.9907,1.5336,0.9729,1.4576,0.6266,0.3351,1.3491,0.7087,0.5918,0.9432,1.326,1.2408
Cell_21,4.8507,3.7248,3.9605,3.346,4.4274,1.2654,0,1.3235,1.0975,0.9785,1.5015,1.9055,1.2504,0.9452,1.0559,1.7422,1.217,0.3371,1.3521,1.4326,0.2517,0.981,1.408,0.8017,1.2554,1.397,1.0928,0.4426,0.8557,0.3274,1.7044,1.2299,1.0791,1.1545,1.6389,0.6784,0.8169,0.6777,1.5291,0.7642,0.8261,0.4289,0.5278,0.6685,0.7235,1.0738,1.2592,1.171,1.2358,1.0341
Cell_22,4.3159,3.1649,2.6535,4.2282,3.297,0.8353,1.1558,1.4247,1.6705,0.1689,0.607,0.6631,1.3083,1.0655,1.3527,0.9649,0.831,1.6378,0.7952,1.3161,1.1899,0.8513,1.1227,1.318,1.5943,0.7474,0.6577,1.4399,0,1.5371,1.0968,0.3976,1.0895,0.9361,0.23,1.3739,0.5618,1.0879,0.9456,1.1338,1.421,0.7945,0.8848,1.2698,1.3788,1.1453,0.8776,0.6583,0.943,0.8542
Cell_23,4.975,3.5757,4.7381,4.214,4.3837,0.9972,0.8921,1.0176,1.5129,1.7209,1.2566,0.6423,1.1813,0.9215,1.4047,1.6631,0.9576,1.5432,0.3963,1.2409,1.2592,0.7491,0.6412,1.0822,0.9631,0.6182,1.4219,0.5864,0.3898,0.1275,0.5992,1.2332,0.5736,2.1119,0.7411,0.4644,1.1521,1.142,1.8371,0.4953,1.4671,1.1982,0.5238,1.0146,1.5629,1.3092,0.25,1.5246,0.6422,0.9404
Cell_24,4.1581,3.4543,4.4709,4.5339,4.0245,0.4397,1.2368,1.5201,0.8371,1.0173,1.4339,1.2172,0.6936,2.0401,0.6829,1.0736,0.373,0.5615,0.3379,0.6473,1.0184,0.8429,2.0301,1.2433,1.6628,0.662,0.6375,0.4025,0.227,0.6774,1.0881,1.3787,0.9561,1.667,0.4884,2.0226,0.5056,0.9444,1.313,0.3767,0.534,1.1744,1.103,1.2836,1.1682,1.187,0.408,1.7167,0.8354,0.7083
Cell_25,3.9204,3.2008,4.141,3.8964,3.8662,0.893,0.7517,0.7555,1.2452,1.2726,1.1759,0.9538,1.2178,2.1291,1.5715,0.5694,1.4271,0.4748,0.9752,0.7627,1.1201,0.8997,0.3823,0.3202,1.2619,0.7527,0.0559,1.2735,0.9126,0.9887,0.6193,0.131,0.1979,1.3367,0.8584,0.4101,2.2297,0.7849,1.2738,0.9749,1.2539,0.6945,1.236,0.5903,0.7805,1.4864,0.4039,0.4981,1.5024,0.2977
Cell_26,3.9363,4.068,2.8388,3.536,2.995,0.9377,1.8942,0.534,0.7316,0.9052,0,1.0405,1.4549,1.1396,1.1306,0.9584,0.7791,0.4703,0.3552,1.3108,0.7251,1.3887,0,1.4785,0.6511,0,0.1965,1.2454,0.7887,0.6088,0,1.2769,0.7476,0.9722,0.8787,1.7188,1.0667,0.9428,0.7847,0.7683,0.6966,2.033,0.8246,0.5079,0.44,1.5075,0.5646,0.661,0.6795,0.6531
Cell_27,3.5063,4.1887,3.5894,3.6478,4.156,1.1342,1.669,0.8197,1.2068,2.0922,1.6882,0.5104,0.6625,1.0713,0.5621,0.5059,0.9259,0,1.0661,1.918,1.8456,1.9612,0.7871,0.4159,0.9529,1.9766,1.3809,0.8782,0.9773,1.1708,0.8299,0.3162,1.9507,1.7391,1.3191,1.0994,0.8193,0.8788,1.017,0.8641,0.4679,1.9991,0.2251,0.9761,0.6559,0.8499,1.7514,1.6961,1.1919,2.0312
Cell_28,3.7152,4.2423,4.1465,5.1628,4.0391,1.0442,1.5344,0.5616,1.5927,1.1583,1.5937,0.9604,0.2313,1.3679,0.4126,0.5394,1.1974,0.9652,0.7678,1.3636,0.7622,0.9699,1.0442,0.5351,0.291,0.731,1.4284,1.3404,0.1046,1.6954,1.0721,0.5255,1.949,1.334,0.0689,1.0276,0.8944,0.8925,0.5114,0.7524,1.4629,0.5829,0.6795,0.3369,0.9909,2.0131,1.2596,0.2017,1.2122,0.784
Cell_29,3.6112,4.63,4.4217,3.3687,3.4513,0.9376,1.4142,0.3919,0.8864,1.9105,0.7907,0.9466,1.5603,1.9816,0.7574,0,1.317,1.4585,1.346,1.0125,0.4444,1.5319,0.3109,0.8752,1.6016,0.9222,1.6248,1.1878,0.6551,0.5621,0.6361,0.5611,1.1872,0.575,0.7289,1.8607,0.8403,1.6143,1.1903,1.6073,0.827,1.8548,0.4036,0.5754,0.923,0.5045,0.2784,1.0771,1.0769,0.9059
Cell_30,4.7484,3.52,4.6819,4.3906,3.7681,0.028,0.7236,1.3345,1.1595,1.4127,1.1478,1.3212,1.2182,1.1204,1.2212,1.0024,0.6625,1.3815,1.0819,1.5672,0.7445,0.6619,1.4645,0.8218,0.4659,1.6836,1.0544,0.2992,1.3722,1.586,1.3436,1.2629,0.4982,1.5954,1.8068,1.4445,0.9725,0.2701,1.1085,1.1106,1.0231,1.1276,1.2251,0.7289,1.8049,0.4445,0.7447,1.3535,0.9198,1.3928
Cell_31,5.1326,3.9526,3.241,3.9435,4.0706,0.4398,0.7821,1.3625,1.5199,1.2057,1.0771,1.4891,1.2732,0.5485,0.9843,0.4427,2.0416,0.1162,1.2118,1.3091,1.4999,0.5495,1.1853,1.7875,0.6173,1.1637,0.8322,1.2087,1.0044,1.2093,0.6727,0.317,0.3073,1.3345,1.4008,0.647,1.9602,0.6175,1.7587,0.4807,0.6676,0.6891,1.1204,1.3267,1.8038,0.4939,1.3976,0.4942,0.9816,1.1363
Cell_32,4.7441,3.5119,4.2947,3.0563,3.7292,1.1071,1.429,0.6174,0.8181,0.9066,1.4624,1.1572,1.2975,1.4464,1.0385,0.6304,1.2563,0.7661,0,0.0255,1.8256,0.6909,0.4745,1.102,0.3802,1.8736,1.5038,1.5831,1.0876,1.6681,0.4626,1.1536,0.9557,1.7537,0.8418,1.168,0.6045,0.6878,1.5045,1.7684,1.4911,1.3889,1.5174,0.3701,1.2241,1.9847,1.145,1.1131,0.4936,0.0034
Cell_33,2.4067,4.5126,3.581,3.4041,2.9461,0,1.4832,1.2998,1.9463,1.0548,1.6874,0.5707,0.7379,0.0836,1.5591,1.0227,0.7173,1.3767,0.5652,1.0419,0.8951,0.7729,1.1964,1.3145,0.8977,1.7753,1.3904,1.6723,0.6511,1.0521,1.9527,0.8961,1.1485,0.0393,1.217,0.7868,1.3754,1.046,1.8966,0.9144,1.5127,0.5744,0.9637,1.2667,0.4366,1.5836,1.216,1.1464,1.4216,0.7192
Cell_34,3.9457,3.71,4.6547,4.5609,3.8349,0.9681,1.0038,2.0452,1.0571,0.7292,1.0126,1.6493,0.7136,0.4173,0.6792,1.4032,0.6568,1.2933,2.2566,0.546,0.6333,0.6081,0.6861,0.7719,0.7015,0.5026,0,1.4751,0.8922,1.1874,0.9405,0.1439,1.2727,0.8806,0.1416,0.7019,1.0636,1.2902,0.0105,0.2961,1.1765,1.5502,0.4902,1.3093,0.7126,1.6613,0.7809,0.7593,0.6578,1.3576
Cell_35,3.1542,4.4001,4.1422,3.5746,4.1728,1.7328,1.4492,0.86,0.9109,1.1941,1.2882,0.6585,0.6448,1.1523,0.4484,1.157,0.4735,1.6345,0.3805,1.5199,0.9348,0.4409,0.6754,0.8664,1.4799,0.7734,1.1842,0.3878,0.2512,0.9697,0.0667,0.6133,1.2537,0.872,1.1024,0.0371,1.5975,1.3344,0.6663,0.6505,1.452,1.1989,0.2331,1.7502,0.7642,0.7005,1.599,0.6095,1.385,0.7948
Cell_36,3.7809,3.7953,4.1364,4.1868,4.2018,2.3099,1.2652,0.5931,1.3359,0.8952,1.7455,0.336,0.1908,1.0336,1.5889,1.0604,0.8003,0,1.216,0.9781,1.0909,1.6828,1.2895,1.2969,0.6117,0.5934,2.5099,0.6406,0,0,0.8253,0.8006,0.8971,0.8487,0.2955,1.6116,1.8013,0.5154,0.4766,1.4764,0.9131,1.7562,0.7384,1.4362,0.7231,1.9995,1.2817,0.5754,0.9064,0.8119
Cell_37,3.1814,3.4845,3.8407,4.7409,4.9115,0.787,1.1089,0.7606,0,0.2982,1.1057,1.3494,1.4391,0.8453,1.1224,0.5444,0.5181,1.5411,0.6266,0.7301,0.6798,0.6677,0.5567,2.0248,0.4752,0.502,1.2372,1.8962,1.8952,1.0429,0.3039,1.3839,1.2414,0.852,2.253,0.0435,0.3945,0.6233,0.3144,0.9284,0.8434,0.9477,2.0976,0.9319,0.7219,0.3272,0.65,0.8008,1.1816,0.7485
Cell_38,4.2509,4.4561,4.9238,3.4093,3.3775,1.0604,0.5937,1.1517,0.5519,0.0754,0.4816,1.2824,0.5573,1.024,0.5025,0.6313,0.9046,1.3168,0.7792,0.8842,1.0905,0.6551,1.8693,0,1.3746,0.2463,0.8715,0.3275,0.6529,0.4328,0.6541,1.0423,1.7683,0.9993,0.6323,0,1.8936,1.0252,0.8887,0,0.9506,0.8056,1.2758,1.4777,1.2981,1.2257,0.7506,1.1836,0.8499,1.681
Cell_39,3.5415,4.684,2.7435,3.9051,3.4299,0.8084,1.3737,1.2628,0.8156,1.4277,1.4223,0.8654,0.8639,1.1302,0.9208,0.391,1.0993,0.9626,1.1746,0.7299,0.115,1.2186,2.216,0,0.8191,1.8968,2.0119,1.2346,0.897,1.3029,1.1907,1.371,1.5221,0.9215,0.1892,0.8832,0.9669,1.5358,0.8391,1.8528,0.7369,1.6896,0.9861,0.3607,0.8519,0.0729,1.1155,0.4583,0.9539,1.9555
Cell_40,3.6247,4.1319,3.603,4.5492,3.7319,2.6203,0.6851,1.4887,0.7027,0.5441,1.1221,1.5428,0,0.7816,1.9028,1.2505,1.3388,0.6957,0.2541,1.25,0.8286,0.49,0,0.2498,0.7141,1.0445,1.2822,1.9247,0.8375,0.7273,1.1537,1.4652,1.8089,0.5466,1.1983,1.2873,1.8919,1.2082,1.2994,1.2119,0,1.0616,0.705,1.3211,0.8019,0.9018,1.5148,1.0304,0.7384,1.6492
Cell_41,2.7783,4.6512,3.3201,3.7607,3.7338,1.1166,0.5324,1.6161,1.4829,0.074,0.8887,0.798,1.1479,0,0.2996,0.642,1.111,0.9246,1.2615,1.4263,1.2727,1.431,0.8976,0.6739,1.0174,0.9246,1.0887,0.6541,1.8203,0.6626,1.2369,0.7978,0.8373,0.9171,0.8127,0.1452,1.465,1.8835,0.5233,0.8119,1.4733,1.6233,1.3991,1.5949,1.2966,1.5525,1.1236,0.6377,1.9248,1.2396
Cell_42,4.4983,4.0942,4.8616,3.7784,4.6868,0,1.1802,0.7002,0.2123,0.8309,1.1077,0.532,0,0.7771,0.9953,0,1.2532,1.1665,0.313,1.3055,1.9024,1.726,0.919,0.8394,1.0796,1.8213,1.3687,0.9236,1.1869,0.4803,1.321,1.4923,1.1163,1.0069,0,0.8448,1.0361,1.059,0.9214,0.9255,0.3385,0.408,0.7442,0.5688,0.4315,1.3146,1.3035,1.908,1.5473,0.9446
Cell_43,4.7155,3.1634,3.7578,5.3874,4.9848,0.6018,0.5554,0.3768,1.232,0.788,1.2463,0.941,1.592,1.3459,0.306,1.8414,0.9094,1.062,0.7851,1.0735,0.4866,0.9336,0.1507,0.4706,0.4902,1.2898,1.6795,0.3273,0.052,1.7543,1.3848,0.7947,0.8487,1.1685,1.3176,1.4453,0.7617,1.32,0.0579,0.3747,0.7224,2.0265,0.592,1.7974,1.7921,0.476,1.3806,1.1979,0.402,1.1432
Cell_44,4.2089,4.2138,3.8256,3.9084,3.3414,1.4423,0.1249,1.2656,2.129,1.3176,1.5739,0.3768,1.0136,1.3902,0.3455,1.5798,0.9001,0.4751,2.3448,1.7866,0.7034,1.3601,0.3397,1.0143,0.8246,1.0487,0.6655,1.3614,0.5232,1.3121,0.4853,1.1509,0.4949,1.1678,0.8649,1.5611,0.8219,1.5192,1.0595,1.7634,0.6372,1.1212,0.8628,0.8358,0.0512,1.3108,0.5997,0.6767,1.1729,1.1744
Cell_45,4.8517,3.5227,4.0553,3.7888,4.806,0.8174,1.5258,1.5392,1.1448,1.6965,0.5903,1.308,1.0165,1.9791,0.6607,1.872,1.7582,1.0128,1.3071,1.7235,0.4528,1.6205,1.1642,1.3872,0.921,0.2382,0.0519,1.3008,0.8193,0.7787,1.0942,0.1223,0.7222,0.5224,1.0618,0.4765,1.1234,2.0396,1.7865,1.077,0.6084,0.4034,0.7823,0.8082,0.8969,0.8629,1.1049,1.625,0.7375,1.927
Cell_46,3.5813,4.2662,4.8551,4.3218,4.3392,0.6424,1.1979,0.62,0.5142,0.3304,1.0902,0.9954,0.591,1.8116,2.1028,1.4339,0.7018,0.3017,1.959,1.0416,1.1014,0.5468,0.5457,0.7368,1.1528,1.5587,0.7269,0.3233,0,0.9103,0.5834,0.786,1.4633,0.7627,0.6094,1.3715,0.5475,1.5833,0.7043,0.9546,2.2828,0.8263,1.3807,0.8699,0.3926,0.5738,1.0068,0.6108,1.1986,0.597
Cell_47,3.1109,4.4981,3.4915,3.866,4.0915,0.6778,0.3559,1.0666,0.7126,1.7547,0.9645,0.9615,1.6094,0.4367,1.3672,1.1526,0.8039,1.2581,0.3733,0.2668,0.536,1.1552,0.592,0.7593,1.8546,0.622,0.8237,1.0591,0.4087,0.5214,1.4258,0.6152,0.2875,1.3652,1.3369,1.2973,0.9811,0.5813,1.3722,1.3908,0.4238,0.6114,1.6923,0.9474,0.8205,1.5597,0.8647,1.8892,0.1061,1.2165
Cell_48,4.1563,4.1008,4.3703,4.6847,3.2256,0.6007,1.0336,1.4044,1.9167,0.9827,0.4869,1.6645,0.3269,1.4253,1.2338,0.8477,1.3109,0.8978,0.8461,0.9364,1.0223,0.8019,0.9052,1.2322,1.1672,1.5801,1.6769,1.6967,1.0285,1.6811,0.8578,1.0266,1.6559,1.1188,0.8277,1.3604,1.2913,1.1418,0.5768,0.421,0.9754,1.6197,0.2347,1.1225,0.1897,0.8121,1.6117,1.5645,1.0252,0.8868
Cell_49,4.662,4.5949,4.928,4.4557,5.0716,1.0366,1.2058,0.3904,1.6954,1.6686,0.797,1.5652,0.7097,0.7656,1.5888,0.9172,1.4059,0.7748,0.9899,0.6154,1.4069,0.9417,1.4099,0.7169,1.6234,0.5541,0.8345,0.8939,0.9847,2.0112,1.0705,1.2193,1.1732,0.9944,0.9714,0.8415,0.5305,0.8814,0.9663,1.5303,1.1724,0.2562,1.7337,1.8671,1.1331,1.341,1.5686,1.0359,0.6852,0.9046
Cell_50,3.661,5.073,4.4773,4.4822,3.1668,1.1939,1.8506,1.1122,0.0575,1.6239,0.5524,0.8816,0.5419,1.1296,1.3356,0.4348,0.6549,1.4894,1.1696,1.5443,0.5627,0.8744,2.5757,1.4373,0.9133,1.379,1.1276,0.2383,1.7062,2.0987,0.4413,1.9066,1.2276,1.147,0.9232,0.7863,0,1.2245,0.696,0.4899,0.6978,1.4492,0.4383,1.0267,0.7557,0.4226,0.3097,1.1,1.2437,0.5931
Cell_51,4.5807,4.5994,2.9785,3.7596,4.2129,1.72,1.442,1.1947,0.2783,1.7969,0.3356,0.6986,0.9541,1.0899,1.3631,0.6969,1.2058,1.5594,1.4894,0.7825,1.2591,0.4979,1.4836,0.6711,0.6599,1.5463,2.1156,2.4145,1.0698,0.7259,0.5474,1.1245,0.2455,1.6052,1.5451,1.4093,1.3902,1.1558,1.2668,2.2186,0.8896,1.0591,0.6781,0.8624,0.4029,0.608,1.1791,0.8667,0.5016,1.6995
Cell_52,3.9068,5.3791,3.8313,3.9558,4.3328,1.3995,0.8596,1.1119,1.1871,0.9013,0.8108,1.3158,1.4034,1.6617,1.1946,2.2282,0.8431,1.4514,1.2314,0,1.3564,0.9575,0.5492,1.8901,1.4724,0.5714,0.8788,0.8195,1.3405,1.8249,1.0997,1.0734,1.9929,1.331,1.1191,0.268,0.9361,0.3526,1.4795,0.7342,1.079,1.3044,0.2672,0.2281,0.7598,1.2618,0.6684,1.2747,0.4404,1.3744
Cell_53,5.3453,4.2729,4.5389,2.9953,3.5526,0.8379,0.7159,0.818,1.3246,0.7106,1.4961,0.6018,0.1445,0.8009,1.323,0.7103,0.7134,0.3499,0.975,2.0164,1.6623,0.4596,1.1998,1.3861,1.0278,0.9474,1.0623,0.1719,0.7052,0.2811,0.6972,0.6261,1.0316,0.9319,0.8358,0.5374,0.8441,0.9238,0.9011,1.0085,0.3511,0.7991,0.7428,1.267,1.9009,0.4255,0.3038,0.4886,0.9414,0.4773
Cell_54,4.02,4.1349,4.1251,4.4344,3.8395,0.0749,1.7234,1.7025,0.2306,1.2146,1.4901,1.1813,1.3686,1.4301,1.4983,0.4076,1.4323,0.653,0.6809,0.6315,0.4083,1.4224,1.2307,0.6189,0.3242,1.5351,0.9787,1.3112,0.6257,0.9107,1.383,1.1907,0.5661,0,0.0984,1.1698,1.0776,1.3223,0.7693,0.7707,0.7436,1.6484,1.2696,0.4464,0.887,1.6193,1.5285,0.9657,0.6164,1.3258
Cell_55,4.1653,4.3655,4.57,5.0022,2.8703,0.333,1.0683,0.9705,0.9382,0.212,0.883,1.5796,1.1372,0.9107,1.0172,0.5056,0.7946,0,0.9253,1.119,0.8157,1.2704,0.5863,0.5881,1.5564,0.6414,0.3866,1.6542,0.9004,0.502,0.9386,0.7596,1.0139,1.0161,0.9496,0.4946,0.4857,1.467,1.4957,0.6194,0.932,0.6423,0.7952,2.1094,0.8566,0.7313,1.1506,1.3166,0.8813,0
Cell_56,4.0509,3.0595,5.0218,4.2609,4.2419,1.4656,0.4695,0.7074,0.78,1.4898,1.9299,0.2568,0.1492,1.1252,1.4403,0.5809,0.2294,1.5812,1.4417,2.1274,1.647,0.6582,0.6021,1.2767,0.8491,0.3752,1.5535,0,0.8932,0.9066,1.0001,0.6458,1.3973,1.2161,0.6412,0.9981,1.0771,1.6911,1.2027,1.0275,1.0433,0.5739,2.0292,0.4951,1.2638,1.8865,0.7969,1.443,0.5891,0.4255
Cell_57,4.8169,3.6847,4.4507,3.8175,4.3817,0.1881,0.9813,0.8956,1.0274,1.3128,0.2977,1.0039,1.5738,1.2142,0.5775,1.7053,0.7751,0,1.1894,1.2209,1.7524,0.8109,0.8472,0.9227,0.345,0.8977,1.3455,1.1531,1.2404,1.2823,0.39,0.9182,0.9236,1.1075,1.9178,1.6369,1.9921,1.2691,1.0504,2.2285,1.4129,0.952,0.308,1.9197,1.2475,0.3882,1.1622,1.9651,1.0477,0.8274
Cell_58,3.5056,4.0144,4.8173,3.8707,4.0321,1.7055,1.2358,1.2779,1.0624,0,1.4158,1.0048,0.5326,0.4249,0.4714,0.9086,0.9318,1.5948,1.5049,1.2534,0.7847,1.5889,1.4862,0.3339,1.8654,0.6207,0.4937,0.5637,0.4816,0.8652,1.2969,0.479,1.6218,0.7083,1.1049,1.1591,2.1159,1.295,0.7576,0.8705,0.7788,1.0317,0.9759,1.2138,1.3407,0.7123,0.4114,0.5474,1.0405,0.2201
Cell_59,3.446,4.6213,3.8747,2.9345,5.4926,1.5641,0.839,0.741,1.1206,0.7437,1.3022,1.1145,0.9247,0.6164,1.3345,1.0284,0.3305,1.7089,0.4939,1.1965,0,0.5097,1.2318,2.1236,1.0844,1.4128,0,1.5968,1.3678,0,1.5515,1.1007,1.2777,0.8376,0.5148,0.8489,0.7665,1.802,1.908,1.2398,1.4792,0.7542,0.9581,1.5785,0.8076,0.8789,1.182,1.0051,0.9759,1.5295
Cell_60,4.3297,2.294,3.9742,4.7694,4.5117,0.2867,0.1714,1.5567,0.9993,0.9824,0.7777,2.1314,0.9031,0.6213,0,1.8007,1.4244,1.1405,2.1434,0.2363,1.6055,0.8382,0.392,1.8541,1.0935,1.2198,0.7956,1.3258,0.7543,2.2137,1.0386,0.8644,1.7108,1.6556,1.2621,1.0824,1.0727,1.1504,0.1838,0.5082,1.199,0.143,1.1288,0.4548,0.2357,0.4179,1.5712,0.812,1.6438,0.7226
Cell_61,3.3388,3.5186,4.1099,4.1744,4.4454,0.426,0.6174,1.052,1.5143,0.3643,0.9157,1.0177,1.4548,0.7977,1.2745,2.1339,1.4779,0.8156,0.5042,0.6332,0.9363,1.7797,0.8591,0.1836,0.8873,0.6799,0.6843,0.698,1.6381,1.2389,0.397,1.2805,0.0871,1.2765,1.7489,0.849,1.0129,1.006,0.2496,0.9348,1.3078,0.9053,0.1186,0.9448,1.1568,1.3374,1.4222,1.3272,1.2921,0.9817
Cell_62,3.4063,4.3056,4.9671,3.6012,4.0138,1.649,0.8486,1.1832,0.9787,0.963,0.4209,0.8574,1.4148,1.0188,1.5012,0.786,0.7406,0.2127,0.9882,1.4807,1.2928,0.7779,0.8333,1.42,1.2149,1.3151,0.7328,0.9303,0.7531,1.4752,1.3381,1.0794,1.4557,1.3442,0.7577,1.0327,2.6258,0.5798,0.951,0.3366,1.1344,1.8751,1.2484,1.8553,1.0531,1.6714,0.5326,1.3285,0.7464,0.8832
Cell_63,2.8865,2.7695,3.6574,3.8952,3.8512,1.5431,1.0068,0.9113,1.6524,0.6528,0,0.9343,1.1567,1.3426,0.7498,0.7834,0.7344,0.4787,1.9108,1.0565,0.0863,1.4394,0.2963,0.5953,1.4317,1.592,1.1886,1.2299,0.8931,1.5623,0.4856,0.7221,1.294,0.64,1.3868,0.109,0.4582,1.2014,0.7978,0,1.2186,1.1571,1.0675,0.1856,1.1664,0.0242,1.3377,1.2976,1.0193,0.6881
Cell_64,4.9738,5.3214,3.9772,4.3583,4.3905,2.654,1.3202,0.9572,0.6949,0.6654,1.0878,0.3384,1.3825,1.0893,0.4337,1.3068,1.143,0.6587,1.765,2.0225,0.5871,0.6936,0.7007,0.9513,1.0753,1.1461,1.3991,1.116,0.5339,0.9521,1.2861,0.7137,1.4401,0.7114,0.8835,1.1439,0.7812,1.0144,1.1769,0.9283,1.3227,0.6683,1.4822,0.9911,1.3914,0.6442,1.4394,1.9309,1.3552,1.1614
Cell_65,2.568,4.082,3.5726,4.1079,3.5752,0.8421,0.541,1.5158,0,0.5524,0,0.9216,1.1054,0.0802,0.5715,1.429,1.9868,1.1346,1.3194,0.4724,0.6783,0.5065,1.1023,1.0192,1.1057,0.2486,0.1281,1.2387,1.2749,0.1174,1.2767,0.8994,0.3163,1.6174,0.3235,0.835,0.8109,0.4368,0.5779,0.9498,1.139,1.4564,1.3218,1.3851,0.8819,0.446,0.2718,0.9644,1.5706,1.5863
Cell_66,4.2073,3.8576,5.1491,4.2881,4.8336,1.7863,1.5017,0.6926,0.8921,1.0402,0,0.9089,1.9478,0.8734,1.3332,0.4123,1.2798,0.5742,1.1116,0.8725,0.9601,0.875,1.2987,1.4233,0,1.6762,0.9363,0.8135,0.97,0.3534,1.17,1.025,0.9052,1.6083,1.0984,1.4832,0.8633,1.6433,0.8586,1.0856,0.9505,0.4573,1.2518,0.346,0.6072,1.576,0.9216,0.4997,0.9945,0.8796
Cell_67,3.5533,4.1586,4.822,4.8386,3.3299,1.5316,1.0003,1.0572,0.6856,1.18,0.6462,0.7051,0.8841,1.3018,0.5418,0.6308,0.7666,1.7203,1.0942,1.579,1.513,1.3279,0,0.4661,0.3175,0.3008,1.348,0.0241,1.1557,0.3403,1.4914,1.3333,0.0008,1.3125,1.3014,0.6921,0.2841,1.1683,0.8141,1.2699,1.5207,0.7762,1.8188,1.7766,1.0642,0.6304,1.7243,0.6425,0.2158,1.0052
Cell_68,3.9506,4.0197,3.7192,4.3216,5.1304,1.0627,0.5142,2.0393,0.7673,1.0556,0.268,0.6411,0.907,0.5273,0.7194,2.1936,0.96,0.1328,1.1766,1.8708,0.7618,2.0763,1.3527,0.9594,1.1284,0.6096,1.1153,1.5251,0.953,0.1196,0.8788,0.7441,1.1754,0.6971,1.3998,0.8367,1.4479,0.9913,1.155,1.2185,0.7766,1.3453,0,0.8115,0,1.2931,0,0.8827,0.6902,1.2984
Cell_69,4.1432,3.7688,3.1423,4.4075,3.9423,1.9012,1.8215,1.7273,0.9751,0.7856,1.3711,1.5596,0.426,1.6115,0.6022,0.6616,0.7759,1.4813,1.0597,1.0591,0.8833,1.0183,1.2762,0.7176,1.3156,0.5471,1.0583,0.2939,1.0059,1.1105,0.7288,1.1887,1.3667,1.102,0.9233,1.4621,1.4178,0.4684,2.0385,1.7053,1.0991,0.9176,0.7399,1.6917,1.026,1.4511,1.7221,0.3128,2.4345,1.1155
Cell_70,3.7941,4.3534,4.4786,3.9965,3.9472,1.212,1.392,1.0694,0.8098,1.1095,1.5061,1.8429,0.9062,1.3624,1.1749,0.814,0.0881,0.7831,0.5164,1.3189,1.5767,0.8899,1.0694,1.3661,2.5982,0.4556,0.4168,1.0895,1.5536,1.5069,1.6738,1.0213,0.7086,0.772,1.1793,1.2384,1.0118,0.3403,0.4514,0.7652,0.5405,0.818,0.8894,1.8506,1.055,1.5208,1.1889,1.4216,1.1123,1.4824
Cell_71,5.563,4.1534,4.7784,4.033,3.1937,1.9971,1.2069,1.4014,0.9954,0.8704,0.6524,0.8816,1.4406,1.2464,0.6218,1.7465,1.3125,1.2603,0.7947,0.6324,1.9488,1.5651,1.2419,1.0951,0.9768,1.2937,0.6879,0.5214,1.157,0.7999,1.7027,0.0994,1.2841,0.2316,0.0428,0.8644,0.6482,0.8426,0.9002,1.1339,0.5097,1.1703,0.8548,1.2303,0.9425,0.9663,0.0988,1.3114,1.1919,0.6192
Cell_72,4.5669,4.4142,4.3846,4.6227,4.1181,0.5301,0.747,1.0364,1.1761,1.4427,0.3263,1.1992,1.6776,1.5387,1.2998,0.5763,1.0975,0.4788,1.4731,0.9821,0.9768,0.8496,1.7051,1.5148,0.776,1.241,0.3226,1.2773,0.7101,0.953,0.894,0.6979,1.0126,1.3134,0.9288,0.2258,0.1267,1.517,0.6136,0.7762,0.8734,1.1834,1.1134,0.694,0.9579,0.5843,1.7766,0.0529,0.7984,0
Cell_73,3.9671,2.7845,3.9064,3.3723,3.2639,1.2547,0.8757,1.1926,0.3665,0.7714,0.6857,0.7472,1.6856,0.7135,0.443,0.7802,1.0768,0.9679,1.4438,1.3749,1.2041,0.8973,1.5711,1.3129,0.0329,1.1019,1.8643,0.369,0.3194,1.6941,0.894,1.5682,2.1436,1.3957,0.7491,0.4701,0.3032,1.0539,1.4689,1.2886,0.5087,1.3905,0.6009,0.4224,1.1228,1.0166,0.3724,0.5825,1.0064,1.1575
Cell_74,5.0628,4.5584,3.233,4.7787,4.2025,1.5773,1.4304,0.7089,1.6824,1.6604,0.3179,1.1355,0.7425,1.1442,1.8308,0.4413,1.0972,1.3612,1.4707,1.771,0.4697,1.3394,0.6034,1.1923,0.969,1.5163,1.7431,0.5566,1.5031,1.3652,0.1667,1.2632,0.574,1.0462,0.9326,1.0167,1.0791,0.8051,1.7373,0.6885,1.416,0.486,0.7859,1.197,0.6176,0.7702,1.5907,2.1049,0.5649,0.7277
Cell_75,3.4539,4.5314,4.399,5.237,3.4279,1.65,1.2144,1.1411,1.3705,0.1936,0.9102,0.85,0.6167,0.5325,1.422,1.3291,0.3773,1.0535,1.2089,0.8466,0.7785,1.1536,0.6199,0.4068,0.5287,1.582,0,0.8607,0.8111,0.9202,1.5647,1.1911,1.6435,0.6821,1.2537,1.7545,0.2719,1.2722,0.5958,0.5035,0.8131,1.3708,1.2449,0.79,0.8456,1.2461,0.6685,0.9384,1.4857,0.4458
Cell_76,1.2006,1.4245,1.3514,0.9379,0.6953,4.0147,3.6055,4.1231,5.001,2.9316,1.4823,2.2303,0.531,0.6021,1.34,0.8459,1.2255,1.1247,1.1788,1.9915,0.456,1.1893,1.3883,0.0347,1.6576,1.2868,0.8872,1.4561,0.5009,1.4497,0.9097,0.9252,1.6768,1.3765,0.9578,1.7843,1.1112,1.3108,1.1203,1.2729,0.4945,1.0182,0.2683,0.0332,1.0413,1.7025,0.7348,1.1339,1.4108,1.5253
Cell_77,1.7299,0,0.0272,1.5498,1.6586,3.9642,4.1262,3.4197,4.1323,4.0989,1.4517,1.8226,0.869,1.9391,0.3726,0.6819,0.8921,0.971,1.1979,0.8281,0.9486,0,0.5826,1.6415,0.6633,1.443,1.1444,0,1.3257,1.7226,1.2654,1.501,0.4821,1.6459,0.7118,1.0355,1.2817,1.8142,0.9332,0.94,0.9967,0.6051,0.1186,1.321,1.2225,0.8129,0.5899,1.3948,1.0643,1.2873
Cell_78,0.8893,0.7811,0.8562,0.6489,0.8112,3.8782,4.6257,3.4498,4.0864,4.7998,0.9185,0.8755,0.5752,1.9523,0.7509,0.8162,1.3326,0.7397,1.4828,0.3029,1.4556,0.5107,1.5024,1.0534,1.8279,1.8081,0.2246,1.2181,0.6262,0.7895,1.6421,0.9238,0.7119,0.7689,0.3367,1.1361,0.0582,1.6654,0.6311,0.6086,0.7626,0.0715,1.6989,0.5965,0.4279,1.6574,1.5202,1.0242,0.8407,0.161
Cell_79,1.587,1.58,0.7675,0.7279,0.7044,3.6619,3.705,4.7148,3.6591,3.7351,1.2653,0.7107,1.0738,0.7708,2.0405,1.3639,1.306,1.3036,1.5987,0.153,1.0399,0.719,0.8689,0.796,0.5755,1.3836,1.2186,0.6299,0.8484,1.4348,0.706,0.7787,0.0844,1.6442,0.4246,0.5114,1.3667,1.4716,1.2148,0.8962,1.796,1.4424,0.659,0.6776,0.3443,0.8611,0.8405,0.9387,0.8798,1.59
Cell_80,0.9125,0.5961,1.7449,1.7876,1.9697,4.0926,3.2752,4.3127,4.3671,4.6187,1.6054,1.3728,1.2586,0.7118,1.2612,0.7614,1.6961,1.1637,0.2336,1.2388,1.3724,1.1156,0.6418,1.1291,1.2543,0.401,1.4943,0.8848,0.8647,1.293,0.4774,0.4687,1.3494,0,1.6311,1.2282,1.5739,0.3118,1.1208,1.1545,0.7595,1.8015,1.1135,1.3175,0.8121,1.6351,1.3255,1.5328,1.8027,0.9497
Cell_81,1.1348,1.041,2.2835,0.8692,1.433,3.6819,4.5989,3.2579,3.4169,4.0555,1.1192,1.1778,0.6841,0.8862,0.6312,1.1195,0.6147,1.4229,1.5129,0.9367,0.1651,1.1344,1.0737,1.2914,0.6903,1.0672,1.1554,1.7927,1.8904,0.5934,0.7789,0.5041,1.9078,0.1988,0.945,1.618,0.8003,1.0328,0.5539,0.9378,0.5759,1.9792,0.6989,1.2296,1.9853,0.9565,0.3864,1.2,0.9663,0.5553
Cell_82,0.7966,1.3426,0.1655,0.5874,0.6807,3.0379,3.7964,3.8655,4.2912,3.9854,0.4198,0.9636,1.9256,0.8766,1.2778,0.8258,0.5199,1.2991,0.981,1.1338,1.4436,1.1362,0.1973,0.4189,0.682,1.0924,0.7475,0.0719,0.9313,0.0975,0.3734,0.8693,1.0584,2.1042,0.3833,1.7002,1.0928,1.5456,0.3065,0.2776,1.9221,0.4891,0.7598,0.7435,0.7386,0.9616,1.2754,0.8574,0.7039,0
Cell_83,0.8244,0.6133,1.6053,1.2603,2.1293,4.3614,3.8729,4.1533,3.3021,3.7344,1.2981,0.7066,1.0291,2.0398,0.1361,0.4975,0.9298,0.7168,0,0.4705,1.4168,1.0294,1.093,0.3145,1.285,0.909,0.8367,0.2779,0.8794,0.5245,0.402,1.2177,1.0921,0.4229,0.9358,0.6915,0.0154,0.9184,1.0678,1.1638,2.0472,0.2308,0.9915,1.9937,0.7615,1.0479,1.2331,0.8632,0.368,1.3021
Cell_84,1.3211,0.2206,1.4066,1.3158,1.1564,4.1857,3.015,3.2916,3.8837,4.1118,0.5781,1.4274,1.2909,0.7118,1.3288,1.3857,1.3918,0.1239,0.6066,0.767,0.8459,1.4822,1.6853,1.0016,0.9007,1.2651,1.0091,2.0977,0.8613,1.3347,1.2988,1.8337,0.9406,1.2784,1.6032,1.2338,0.42,1.5385,0.9932,0.3711,1.3028,0.8142,0.9048,0.5214,0.9048,1.6768,1.5891,0.8603,0.8443,1.2492
Cell_85,1.2524,1.2452,0.999,2.5458,1.1391,3.4569,3.4809,3.6686,4.1276,3.5569,0.7764,1.1741,0.5735,1.4971,1.7661,0.913,0.9431,1.3388,0.7403,0.6589,1.062,1.2031,0.4912,0.7835,1.4483,1.3247,0.9738,0.4124,0.4862,0.9754,0.7869,0.8863,0.4003,1.2573,1.4588,0.7627,1.4974,1.1304,0.6923,1.0226,0.6938,0.629,1.4961,1.3553,1.2717,0.894,0.9085,1.1714,2.3013,0.1448
Cell_86,0.94,1.6967,0.801,0.6825,1.7016,4.842,3.7536,3.0143,3.8929,4.7005,1.2358,0.546,0.8429,2.0661,0.4653,0.7847,1.8342,0.5359,0.3274,1.1711,0.9104,0.4157,0.6658,1.2718,1.0914,1.6225,1.0001,0.2642,0.8969,1.0587,0.9954,0.5995,0.5778,0.5554,0.4107,1.1039,0.7877,0.7983,0.5869,1.2757,1.8846,0.6997,1.1958,1.1914,1.6328,0,1.3082,0.9962,0.5569,0.2838
Cell_87,0.8907,0.9955,1.5714,0.9637,1.1864,3.6182,3.0241,5.1275,4.2635,3.1807,0.7285,0,0.4317,1.0809,1.433,1.3457,0.7706,0.454,0.9799,0.7012,1.6507,0.9258,1.6541,0.7125,0.8238,0.6989,1.2822,0.8714,1.301,1.3486,1.3599,1.4998,0.8849,1.2219,0.4623,0.7896,1.4357,0.6139,0.3185,0.2439,1.4182,1.2816,1.084,1.2208,0.463,0.864,0.5037,1.7171,0.3068,0.9397
Cell_88,0.4038,0.2615,1.7295,1.4887,0.2037,4.1242,3.2076,4.0228,3.823,3.61,0.4113,1.001,1.3177,2.0484,0.9161,1.178,1.3731,0.2203,1.9639,1.5487,0.3172,1.7458,0.8836,1.3438,1.4849,1.5352,1.3529,1.411,0.6899,1.3435,0.8982,0.1016,0.9813,1.2973,0.5241,0.3332,0.6108,1.4622,0.8596,0.2288,1.0138,1.0698,1.6113,1.0082,0.8134,1.0824,1.2514,0.6689,1.5902,1.1143
Cell_89,0.5702,1.2955,0.7737,1.1362,0.7595,4.2684,3.7514,4.8805,4.4822,4.2115,1.6044,0.434,1.585,0.6412,0.4073,0.608,1.3278,0,0.5573,1.9167,0.2475,1.9083,0.6868,0.518,1.3415,0.4201,0.6803,1.7626,1.0211,0.7717,1.0991,0.8754,0,1.1521,1.1245,1.8857,1.2587,1.7179,0.9553,1.1161,1.3166,2.1296,0.921,1.0973,1.753,0.6654,0.7962,0.6591,0.7626,1.3614
Cell_90,0.9612,0.4858,0,0.6681,0.3262,4.3857,4.339,4.1313,3.5591,4.8209,0.1899,0.5833,0.8576,1.2984,2.2519,1.3396,1.2207,1.5373,1.3489,1.0898,0.3764,0.6074,0.3746,0.8834,0.8823,0.4528,1.1625,0.5595,0.6886,0.6305,1.3449,0.582,1.2598,1.6752,1.166,0.9549,1.5985,1.5748,0.5989,0.9057,0.5666,1.3284,1.2393,1.7134,0.5075,0.6825,0.9086,1.7206,0.8422,0.5659
Cell_91,1.4244,0.9299,0.8153,1.0878,0.9991,4.7818,3.7376,4.3466,3.2985,3.9773,0.7311,1.3514,1.2544,0.3091,0.6589,1.0676,0.6203,1.4231,0.9374,1.6656,1.4551,0.3399,0.9541,1.8628,1.6907,0.8135,0.7376,0.7736,1.6214,0.2027,0.3159,0.971,0.7153,0.9841,1.7854,0.9131,0.6971,1.8827,0.8166,0.653,0.061,0.4359,1.648,2.351,0.4595,1.749,0.2128,1.234,1.8712,1.2296
Cell_92,1.7941,1.0105,0.2618,1.4329,0.4221,3.0623,4.5894,3.2952,2.7363,5.5187,0.604,0.9035,0.6512,0.275,0.9811,1.3719,1.0003,0.4775,0.2491,1.2867,0.5637,1.1597,0.3504,1.1172,1.1586,0.7994,1.063,1.0194,1.5017,1.3321,1.4507,0.7546,1.1101,1.604,2.5453,1.2964,1.0306,0.0008,0.8259,1.1709,0.5442,0,0.8933,1.2977,0.763,0.5929,0.5816,1.6211,1.3723,1.2871
Cell_93,1.0197,0.7696,1.1481,0.6156,1.0363,3.4053,2.9197,3.6998,4.218,4.2466,0.8217,0.8699,0.7424,0.5484,1.319,0.333,0.8519,1.3831,0.5061,0.4751,1.5794,0.4642,0.7323,0.0692,1.7448,2.3779,0.7335,0.847,1.0865,0.7121,1.5322,1.1188,1.0597,1.077,0.5415,1.5516,1.6796,0.4689,1.2695,1.115,1.0068,0.9453,0.7484,0.6896,1.6066,0.5285,1.4026,1.2805,0.7766,1.1661
Cell_94,0.131,0.1261,0.5377,1.209,1.042,4.3469,2.9306,3.7383,3.5891,2.9307,1.55,1.5216,0.8681,0.8059,1.6341,0.8334,1.7458,1.3187,0,1.6875,0.5869,1.2284,1.0285,0.121,0.2589,0.6701,0.5512,1.5361,1.0814,0.7824,1.9266,0.9444,1.064,1.7388,1.3793,1.4732,0.5499,0.6355,0.4871,1.0507,1.6601,1.2458,1.012,0.6029,0.816,0.4527,1.1914,0.3036,1.196,1.3634
Cell_95,0.7822,0.375,1.5628,0.923,1.6259,4.4433,3.5705,4.1149,4.6912,4.3183,1.0331,1.0424,0.1957,1.7778,1.3273,0.9167,1.4605,0.7895,1.0996,0.4027,0.6745,0.9859,1.3773,0.1266,0.3222,0,0.7873,0,0,1.0837,0.4691,0.9534,1.527,0.6551,1.1907,1.9748,1.4966,1.0405,0.891,1.4612,0.7723,0.3151,0.2765,1.183,1.6416,1.5258,1.3048,0.2256,1.1393,0.7946
Cell_96,1.9111,1.2824,0.6582,0.9288,1.0947,4.4321,4.0764,3.5821,4.7154,4.7116,0.7869,0.9758,0.7164,0.4885,0.3498,1.2673,1.7982,1.2897,1.2716,0.5272,0.8452,1.9059,0.7872,1.63,1.6251,0.732,0.8305,1.0864,1.3724,1.7751,0.3109,0.3246,0.9756,0.7928,1.0062,1.371,0.6738,1.3415,1.2215,0.685,1.3642,1.8634,0.9933,1.1351,1.1962,0.0467,0.457,0.9792,1.1564,1.5689
Cell_97,2.0889,0,1.0566,1.3704,0.672,3.2576,4.1981,3.5763,3.4318,4.4899,1.0937,1.597,1.0264,1.9253,1.5104,1.1579,0.5045,1.736,0.5547,1.3901,1.2507,0.6523,1.4789,2.079,1.6596,1.3721,1.9636,1.1782,0.3237,0.6648,1.1968,0.4994,0.3657,1.4062,1.0927,0.8963,0.9921,0.6736,0.7161,0.7537,1.5281,0.5557,1.094,0.1697,0.0042,1.546,0.2926,1.0771,0.733,1.6334
Cell_98,1.1763,1.0874,0.8383,1.5666,0.3699,3.6075,4.4904,3.9308,4.246,3.4645,1.6335,1.0936,1.4042,1.1787,0.2195,1.676,1.4785,0,1.4329,1.1284,1.0075,0.7894,1.2387,1.2719,0.9776,1.1701,1.3648,0.09,1.0296,2.1146,1.6106,0.5261,0.8625,0.9546,1.5676,1.0872,0.8985,0.9428,1.1822,0.4685,0.9075,1.018,1.6892,0.9724,0.6711,0.8652,1.2906,0.575,0.9492,0.935
Cell_99,0.7407,1.2054,0.6147,0.7883,1.5107,3.0858,4.2678,3.911,4.0378,4.035,0.8017,0.9756,1.1726,0.7467,1.5298,0.7771,0.8273,0,2.2866,1.9449,0.9564,0.9937,0.8236,1.0009,1.6069,1.6237,1.2212,1.1153,0.7604,0.6079,1.179,0.8603,0.9687,1.042,1.2465,0.7417,0.238,0.3212,0.7844,1.2491,1.007,0.9364,0.0881,0.9327,1.0229,0.554,1.1351,0.1053,0.7884,0.8263
Cell_100,0.9843,0,0.9331,1.2964,1.0027,3.4284,4.8751,4.8554,4.5704,2.999,0.5469,0.7491,1.3694,0.9979,1.4139,0.9719,1.5704,0.923,1.6928,1.6382,1.0016,1.3841,1.0209,0.4244,1.2681,0.9063,0.7503,1.541,0.4476,0.1109,0.4557,1.0735,0.4981,0.3123,1.1595,1.401,0.6321,0.9771,0.5899,1.3919,1.0181,0.3882,0.785,1.3772,1.1025,0.7677,1.7599,0.8827,1.5232,0.9192
Cell_101,1.8733,0.8513,0.877,0.7787,0.45,3.4981,4.1805,4.6838,4.9657,3.6112,1.0084,1.5639,1.4971,0.1691,1.919,1.5639,1.6807,0.7942,1.2647,0.3376,1.1823,1.5061,0.8268,1.409,1.3033,1.5519,1.3102,0,1.1364,0.8764,0.5423,0.0809,0.7708,1.5024,1.1888,0.8162,0.3492,0.0231,0.5108,1.3483,0.2467,1.6203,1.0757,0.9428,1.241,0.7043,0.2569,0.4846,0.3465,0.617
Cell_102,1.7687,1.0471,0.5831,2.1909,0.3449,4.1596,4.3109,4.5933,4.306,3.763,1.2172,0.6151,0.3609,1.3581,2.0234,0.9442,1.3288,0.4359,2.273,0.6697,1.1983,1.3286,1.3025,1.0373,1.3686,1.7843,0.5899,0.7783,1.3472,1.1353,0.9787,0.7046,0.4328,1.6503,0.6827,0.6462,0.7733,0.671,0.4378,1.8493,1.2433,1.7006,0.6531,0.8479,0.8792,1.4116,1.4557,1.2362,0.4573,2.0151
Cell_103,0.1911,2.1552,1.1363,0.6346,1.5037,4.4299,3.7064,3.2009,4.477,5.3367,1.3153,0.5759,1.2379,0.1758,1.336,1.1266,0.6327,0.5885,1.8587,1.4372,1.1091,0.3588,1.0376,1.1643,0.556,0.3226,1.1995,0.9051,0.5323,0.8441,0.7214,0.9253,1.1172,0.6439,0.3593,1.915,1.0153,1.7008,1.2032,0.8476,1.0798,1.3621,1.674,0.4284,0.6305,0.55,0.3975,1.1101,1.3168,1.6341
Cell_104,0.8563,1.0465,1.4613,0.1719,0.2808,3.5308,4.0464,3.4893,4.4277,4.1614,1.1342,0.2361,1.4159,1.9163,1.6925,0.9544,0.8849,1.2971,1.9988,1.7289,1.6213,1.5221,1.4743,1.5992,1.245,0.8247,1.6323,1.4359,0.1641,0.5866,0.0914,1.6114,1.3542,0.9434,0.0784,1.2464,0.4955,1.9332,1.179,0.8371,1.7259,1.1159,1.401,1.0592,1.7652,0.3912,1.9739,0.833,0.9398,1.3914
Cell_105,1.4935,1.4959,1.0855,0.2704,1.6262,4.0498,4.2283,3.969,3.3584,4.3671,1.5736,1.6778,0.8539,1.2422,1.0598,0.6333,0.9669,0.4566,1.6954,1.1773,0.8117,1.4395,1.1121,1.9435,1.3981,1.06,1.2702,1.5144,0.8049,0.3236,0.7455,1.0586,1.7634,1.1306,1.334,2.0424,1.4309,1.8116,0.5182,0.4424,1.8983,1.1958,0.647,1.2496,1.9179,1.3007,0.0495,0.9636,1.3732,0.6029
Cell_106,0.6831,0.9987,1.3449,0.3435,0.7124,3.8379,3.5967,4.4194,3.5894,3.8869,0.8089,0.909,0.7185,0.6168,1.0496,1.7616,0.2226,0.2436,0.3991,1.1137,0.8845,0.7797,1.0034,1.6512,0.596,0.9516,1.6748,0.82,0.2183,1.7615,1.4029,1.7303,0.7743,0.8558,0.143,0.6332,1.0883,1.1165,1.128,0.2566,1.0734,1.0565,1.6597,1.4168,0.8067,1.469,0.7987,1.1409,0.8155,1.113
Cell_107,0.52,1.2546,0.5571,1.4706,0.2834,3.5905,3.4255,3.2956,3.4988,4.1214,0.5233,1.2321,0.2269,1.091,1.4992,1.2678,0.4391,1.3386,1.3666,0.6567,0.9319,1.2507,1.4512,1.3691,0.9642,1.2732,1.2012,1.274,0.8963,1.9719,1.0359,0,1.1304,0.5449,1.0271,0.8444,0.7824,1.3273,1.9745,1.6888,0.6301,0.86,0.623,0.6299,1.3851,0.7337,0.5149,1.2339,1.2755,2.0677
Cell_108,0.4558,0.6261,1.4267,0.6962,1.8825,5.057,3.3802,2.8586,5.1413,3.5113,1.6658,0.7397,0.8204,1.137,0.712,0.5961,0,0.232,0.5315,0.6482,1.1187,0.1431,0.9924,0.253,1.3109,0.302,0.6556,1.6009,1.7789,0.7082,0.52,1.8875,0.9851,1.0799,0.9909,0.8614,1.1014,1.6726,0.5582,0.9964,0.7871,1.3679,0.2595,0.924,0.5166,1.3303,0.5028,0.8313,1.1582,2.0565
Cell_109,1.4598,0.7305,0.5459,1.7599,1.647,4.9873,4.2023,3.5702,4.2426,3.7917,1.71,0.6146,0.9167,1.7975,1.494,1.0924,0.5125,0,1.2806,2.1751,1.4438,0.936,1.119,0.6143,1.052,1.1596,1.0439,1.3337,0.8429,0.9267,0.9123,0.2599,0.6979,1.5726,0.6131,0.5168,0.4129,1.6993,1.2183,1.3421,0.6295,1.1201,1.5377,0.8792,0.3879,1.3377,1.6368,1.0572,0.5075,1.2277
Cell_110,0.9844,1.5108,0.8436,0.6554,1.3873,5.1378,4.592,3.3505,4.3965,3.6543,1.3178,1.0889,1.5212,1.4558,1.8842,1.0082,1.3056,1.4546,1.3168,1.9542,1.1496,0.9752,0.8602,0.412,0.8684,1.1777,0.4497,0.5441,0,0.443,0.5978,0.7964,1.4538,0.6856,1.7118,1.5882,0,0.7804,1.4786,0.9139,0.807,1.0206,1.0877,1.13,1.0585,1.6657,1.659,1.3232,0.3633,0.7977
Cell_111,0.615,1.592,1.0936,1.6,1.1245,4.3087,4.8369,3.2698,4.0367,3.1968,1.1728,0.9399,0.8472,0.5701,1.4197,0.8038,1.3742,0.8896,0.5225,0.9063,0.8984,1.5906,1.1571,1.5397,0.7293,1.6351,0.9427,1.2892,0.2152,1.06,1.6552,1.42,1.2811,0.4734,1.5165,1.1644,1.1301,1.1251,0.3951,0.1808,0.5382,1.2007,0,1.2488,1.5756,1.0098,1.2012,1.11,1.761,1.4455
Cell_112,1.2625,1.0159,0.2184,1.1142,1.635,5.521,3.7432,4.0817,2.8577,4.535,0.2468,0.733,0.8378,1.4759,0.8543,0.8425,0.5933,1.5172,0.6722,0.6104,0.9052,0.8043,0.7772,1.1857,0.6905,1.3523,0.5126,0.2755,1.0524,1.1543,0.8991,0.7208,0.7611,0.7075,0.8512,0.8344,1.2208,1.1244,0.5339,0.1662,0.2648,1.3378,0.992,1.0504,1.0902,1.8357,0.8142,0.9414,0.2698,1.8525
Cell_113,0.9507,0.9367,1.3116,1.1212,0.7808,3.6626,3.6132,4.2266,3.5031,3.481,1.1705,0.7787,1.2984,1.09,1.472,0.9344,0.9872,1.4951,1.0526,1.3152,1.1734,1.0745,0.3272,0.6172,1.7098,0.7384,0.9566,0.4816,0.3278,1.5946,1.1467,0.7512,0.5594,0.7671,0.7976,0.8408,1.1653,0.6517,1.0052,1.0941,0.5041,2.2523,0.7284,1.195,0.6131,0.3065,1.3381,0.966,0.4255,0.9622
Cell_114,1.1753,1.4053,2.0247,0.8315,0.9508,3.9081,3.9106,4.0764,2.8452,4.6998,1.0779,1.5125,1.0203,1.1099,1.3753,1.4388,1.6596,1.0423,1.231,1.0051,1.9466,0.6365,0,1.7921,1.6859,1.6492,0.7309,1.0211,1.7196,0.4685,1.3425,1.698,1.188,0.6514,0.5441,1.5516,0.8962,0.9011,1.0039,0.5242,0.414,1.0882,0.6598,0.3838,0.5267,0.7232,1.8943,0.5843,1.6482,0.9983
Cell_115,0.4646,2.1533,1.2062,1.7377,0.5319,3.8447,3.6181,3.3839,4.2192,2.8184,1.7995,1.9465,0.7626,1.7998,0.1358,0,0.675,0.8939,0,0.0527,1.0513,1.2359,0.6362,2.1384,0.8659,0.5768,0.9568,1.85,0.188,1.6586,1.7401,0.1796,1.3034,0.071,1.7141,2.7683,0.9732,1.5522,1.6116,0.8025,0,0.829,1.0602,0.9924,1.414,0.8446,0.5547,1.2296,0.7889,1.058
Cell_116,0.984,0.7074,1.0564,0.8541,1.7884,3.6137,3.6977,5.0868,2.2864,4.8214,1.5843,1.2562,0.0466,2.2202,1.0928,0.7465,0.876,1.3931,0.3926,1.5127,0.4654,1.9707,1.3371,0.4458,2.0722,0.8048,1.064,1.6214,0.9393,1.2015,0.3548,1.9903,1.7222,1.5181,1.2141,1.4378,1.6848,0.1206,0.5139,0.9348,0.0814,0.4907,1.3476,0.8131,1.7853,0.8468,0.7952,0.8426,0.6606,1.0306
Cell_117,1.3741,1.1458,0.6199,0.6266,0.3687,4.8043,4.0725,3.631,4.6817,4.5865,1.7937,1.3221,0.6783,0.8275,1.5041,1.7314,0.7401,0.808,1.422,1.3352,0.3398,1.0457,1.0155,1.484,0.9597,1.0863,0.8848,0.7669,0,0.6892,0.563,0.9614,0.4265,1.2417,0.623,1.6134,0.6795,0.6116,1.0202,0.3813,0.5323,0.6628,1.2299,0.8357,0.6591,0.5129,0.5523,1.164,0.9942,0.2007
Cell_118,0.3385,1.0431,0.8366,1.4793,1.017,3.0709,4.1565,3.611,3.5176,3.8318,0.321,1.1643,0.9963,0.5481,0.6153,1.0632,1.7776,0.9313,0.4725,2.1508,1.157,1.1108,1.0974,1.1651,0.0051,1.103,0.6555,0.4947,1.6927,0.792,1.2561,0.974,0.8429,1.0129,1.0329,0.2747,1.1482,1.0031,0.6118,1.0291,0,1.0756,0.4083,0.9949,2.1618,0.5249,0.7867,0.726,1.1478,0
Cell_119,0.758,1.3997,0.0014,0.9934,0.481,5.0768,3.3599,3.2005,3.7777,5.1035,0.9481,1.3983,0.3749,0,0.5919,1.7682,0.9543,1.2813,0.8496,0.8159,0.9034,1.566,1.2163,1.0387,1.4358,0.4717,1.1039,0.5158,0.8742,0.8397,1.0034,2.1041,0.6399,1.7673,2.0981,1.4033,0.4029,0.311,0.3136,1.147,1.5487,0.5777,0.8179,1.2817,1.2016,1.0969,1.5793,0,1.223,1.1361
Cell_120,1.0048,1.1975,0.6075,1.585,1.2427,4.6674,3.7922,3.3975,5.0589,3.9447,0.8408,1.1998,0.8716,0.9054,1.3041,1.2864,0.8419,1.2359,0.3643,0.8066,1.1911,1.1278,1.4937,0.8552,1.5671,0.9915,1.3513,1.1763,0.6237,1.6856,0.8352,1.1111,1.0485,0,1.1241,1.5875,1.2881,0.1966,1.4294,0.7849,1.6887,0.6574,0.891,0.9787,1.6961,0.7877,1.6214,1.1157,0.997,1.81
Cell_121,0.5934,1.5318,1.7039,1.0683,1.2795,3.4248,4.6075,3.1149,4.24,4.3025,0.8277,0.6363,0.4607,0.8017,1.8458,1.572,0.2414,1.0404,1.4333,1.4208,1.0767,0.9562,0.8262,0.9589,1.1891,1.9654,1.4126,0.3216,1.354,0.1663,1.3989,0.9502,0.8047,1.0177,1.1976,1.0758,1.5255,1.39,0.647,0.9338,0.9111,1.1589,1.031,1.5341,1.0995,1.7241,0.5354,0.8004,0.7312,1.026
Cell_122,1.567,1.8614,0.3921,1.2124,0.9072,3.5155,4.1323,3.5939,3.0166,3.5811,1.0977,1.2973,0.719,0.4039,1.0585,1.0992,1.1103,1.5204,1.1503,1.9587,0.618,0.7419,0.598,1.1676,1.5177,1.0779,1.8016,0.7339,0,0,0.9239,1.2581,0,1.19,0.8914,1.658,0.4363,1.4182,0.6408,1.4376,1.7209,2.4718,1.4465,1.3191,1.0357,0.7198,1.4083,1.1264,0.6613,1.1641
Cell_123,0.081,0.5191,0.8715,1.0643,1.4382,4.0553,2.7512,3.0146,3.2068,3.9492,0.5275,0.5276,0.4349,0.3799,1.5027,1.1124,0.6018,1.3081,0.7536,0.7197,1.4581,0.2512,0.7397,1.1116,0,1.4405,1.0789,0.8693,1.8885,1.3481,0.041,1.5637,0.9737,1.1223,0.8373,0.8117,1.0606,1.5195,1.4568,0.616,0.8629,0.1532,0.9454,1.3639,0.2632,0.7241,0.6055,0.6789,1.3079,1.1138
Cell_124,0.763,0.8813,1.1225,2.182,0.4078,3.3243,4.3898,4.1502,4.6148,3.3989,1.2555,0.9537,0.8846,1.2811,1.4202,1.4054,1.0198,1.0533,0.7756,0.9851,0.8058,1.1198,1.7921,0.1209,0.8982,0.6676,1.1586,0.6523,1.1865,0.7023,1.6376,0.9533,1.1303,0.5046,0.8261,0.333,0.5091,1.3576,1.2387,1.393,1.0364,1.1893,1.7261,1.4514,0.398,0.8212,0.8287,1.0752,0.654,0
Cell_125,0.2337,0.3119,1.3196,1.0212,1.3206,4.7626,3.1866,3.233,2.9155,5.3936,1.266,0.2236,0.988,0.7914,0.8149,0.5286,1.1632,0.5706,1.7155,1.3499,1.4415,0.9306,0.3101,1.2105,1.2587,0.0702,0.9771,1.4841,1.6972,1.2954,1.2361,0.4738,0.7441,1.4394,1.4854,0.9237,1.1023,0.2733,1.3383,0.8064,1.552,0.9821,0.5282,0.4608,1.3508,0.2667,1.427,0.6875,0.9489,0.7138
Cell_126,0.5333,1.2228,1.2216,1.0281,0.8282,3.9966,2.3347,4.3737,4.1788,4.4315,0.8529,1.2731,1.1394,1.2661,1.1871,1.1039,1.1651,0.6781,1.5189,0.1331,0,0.3857,0.4562,0.8496,1.1988,1.5368,0.3265,0.6089,0.871,0.7706,0.5753,1.5956,1.7924,0.3901,1.4498,0.7926,1.6345,1.0701,1.0552,1.3335,1.3788,0.5101,0.5016,1.0415,1.1937,1.5225,1.0259,0.8725,1.6547,1.5694
Cell_127,1.0139,0.0799,0.5341,0.8307,1.0207,3.7389,4.2667,3.465,4.5381,5.2165,1.6572,1.4078,1.4308,1.3675,1.2958,1.1604,0.5128,1.4131,1.0731,1.7936,0.4453,1.4168,0.6107,0.1858,0.8713,0.7154,1.454,0.9591,1.2735,1.1988,1.4866,1.2017,2.2677,0.9644,1.0391,1.5323,1.913,1.6497,1.7713,0.3387,0.8104,1.89,0.9038,1.5839,1.1352,1.2988,0.958,0.4093,0.9223,0.1384
Cell_128,1.5159,0.8595,0,1.2155,0.3372,4.7587,3.1146,3.6757,4.4063,4.7783,0.7996,1.2464,0.1004,1.0546,0.9467,0.9299,1.0506,1.3014,0.7492,1.1483,0.6121,1.7438,1.0015,1.1418,0.7051,0.6341,1.4382,0.8061,1.6242,0.2969,1.2134,0.7743,0,1.5998,0.3631,1.4032,0.9728,1.4542,1.7376,0.9302,1.394,0.3349,1.1618,0.7525,0.3462,1.4946,1.0725,0.2664,0.8798,1.5466
Cell_129,0.8176,0.8485,1.747,0.9326,0.6028,3.8515,3.4612,4.1279,3.9757,3.6256,1.7335,0.4783,1.1081,1.4523,0.9233,1.343,0.1846,0.8839,0.58,0.3054,0.7898,1.2308,0.8716,0.4759,1.0956,0.7659,0,1.1151,0.7628,0.8711,1.0093,0.9041,0.2848,0.406,1.7633,0.9793,0.9676,0.088,0.5104,1.458,1.195,1.7983,0.9709,1.0709,1.053,0.8323,0.7956,0.1188,0.6719,1.0812
Cell_130,0.7638,0.806,1.683,1.1387,0.7185,3.142,4.2048,3.3503,3.4134,3.6045,1.0501,0.3726,0.535,0.488,1.1482,0.3982,0,0.6359,1.7875,1.0735,0.6504,0.7084,1.5836,0.735,1.1012,1.3453,1.0423,1.389,2.2023,1.4643,0.7361,2.0018,1.3327,0.3059,1.4664,0.1401,1.5687,1.2671,0.9175,1.5664,1.351,1.3783,0.5147,1.1186,1.608,1.1077,1.1532,0.4092,1.3848,0.6879
Cell_131,1.2166,1.9771,1.2121,0.71,1.4869,4.2841,4.0569,3.9164,3.8045,4.2812,1.1898,1.0939,1.2408,0.1374,1.3702,0.5507,1.7453,1.4584,0.5787,1.5163,0.4033,1.2842,0.1768,0.5576,0.8998,1.9737,0.2946,1.1923,1.1793,0.8567,1.1532,1.2236,1.1428,1.3621,1.5343,0.4683,0.2184,2.3107,0.9348,0.8062,1.6132,0.0659,1.4893,1.1441,0.7721,0.985,0.5055,0.5636,1.2539,0.4494
Cell_132,1.4648,1.5674,1.1381,0.953,0.89,4.3096,3.6111,3.6656,3.9029,4.371,0.9837,0.8159,0.671,0.1933,1.425,0.8643,0.2586,1.0684,0.8067,0.341,0.9621,1.0486,0.9192,0.844,0.9799,1.0505,0.9225,0.1259,1.1987,1.2482,1.8459,1.0265,0.7762,0.4341,0,0.8908,0.5124,1.0092,1.3722,1.3069,0.7283,1.2234,1.2543,0.9761,0.5741,1.1321,0.4274,0.6897,0.9445,0.7096
Cell_133,0.7428,0.8774,1.1965,1.4071,1.5939,4.1903,4.4456,3.9139,3.419,3.6138,0.7012,0.5554,0.6546,1.1379,1.1639,0,1.1512,1.4261,1.0788,1.7174,1.2577,0.6002,0.5911,0.6698,0.0479,1.3242,0.1445,1.4264,0.818,0.8928,1.4055,1.3376,0.3556,1.3863,0.5197,0.2818,0.5623,1.0962,1.2828,0.9267,0.7698,0.8597,1.3074,1.7362,1.4488,0.7774,1.5424,0.8436,1.6937,1.2157
Cell_134,2.1687,1.0924,0.2872,0.6685,0.752,3.3966,5.8562,4.7197,4.7905,3.6325,1.3746,0.1442,0.0373,0.7703,0.877,1.2698,1.6021,0.5324,0.8749,1.5383,0.8769,1.0829,0.9086,1.5901,1.4121,0.3284,0.8648,1.5528,1.7042,0.7177,0.9783,1.3061,0.1696,1.5489,0.2388,0.0126,1.106,1.5597,2.1433,0.6784,0.1381,1.3102,0.0508,0.4517,0.845,1.3786,0.7508,0.9676,1.2083,0
Cell_135,1.1512,1.4138,1.2222,0.4467,0.3573,4.1563,5.47,4.7885,3.6216,3.2331,1.2733,0.983,0.4954,1.2743,0.4885,0.9049,1.5977,0.9172,0.7571,0.3699,1.1048,0,1.3198,1.8235,0.605,1.5149,0.7464,1.2339,0.9412,1.0076,1.0325,1.3362,0.5034,0.9037,1.1329,0.8487,1.4993,0.7171,0.242,1.1693,0.3498,0.3358,1.5623,0.8003,0,1.0852,0.5897,0.9246,0.9374,0.5581
Cell_136,0,1.2444,1.2625,2.0349,0.5132,4.2244,4.8358,4.0423,3.932,3.8159,0.6592,1.3818,0.6658,1.7472,1.1071,0.6151,1.472,0.8067,1.1901,1.1101,0.9211,1.0489,1.4603,0.2839,0.8245,0.3602,1.6411,1.3552,1.786,0.3979,1.5979,0.786,0.0847,0.3459,1.609,0.8901,1.1322,0.5518,1.1317,0.6885,0.9179,0.8532,2.1791,0.8358,1.2068,0.6957,1.6926,0.856,0.8021,0.9141
Cell_137,1.3539,0.9419,0.3873,1.0058,0.3779,3.3582,4.5827,3.4593,4.8163,4.2803,1.1692,0.3531,0,1.1289,0.153,0.4389,1.3607,0.9466,1.6051,0.6454,0.532,1.4481,1.1719,0.7385,0.9411,1.0247,1.2004,1.0186,1.3191,0.8338,0.8713,1.0942,0.224,0.4621,1.3023,1.789,0.743,1.6971,0.5535,1.4588,1.7753,0.5652,1.0414,1.5115,1.0535,0.9445,1.0105,0.5403,0.9808,0.7398
Cell_138,1.4571,0.5907,1.1877,1.8237,0.4995,5.2282,3.5803,4.4974,3.7439,3.6242,0.2074,0.8272,0.5439,0.6088,0.6876,0.7465,2.0142,1.4042,0.7058,1.1274,0.6508,0.8315,0,0.4292,0,0,0.8538,0.0191,1.2253,0.4416,1.4637,0.9794,0.5035,1.5619,0.9738,1.3667,0.322,1.028,1.5731,1.1074,0.6782,1.1696,1.3237,1.6282,1.2135,1.0534,1.1125,0.7985,0.0391,0.4243
Cell_139,1.4785,0.5783,1.0586,0.6187,1.4721,4.3172,5.1615,4.3637,3.7118,3.7353,1.3669,0,0.5433,1.4124,1.7154,0.2269,0.8374,1.3461,0.6866,0.9548,1.4198,1.2865,1.3467,0,1.0524,1.0837,0.3816,1.0111,0,0.924,0.9347,0.7885,0.0432,0.6219,0.8354,1.3587,0.4446,0.7778,0.5921,1.4487,1.6574,1.9844,0.7768,1.0785,0.9582,0.9556,1.1956,0,1.0318,0.7731
Cell_140,0.7695,1.6761,0.6209,1.8077,0.5081,3.2235,3.9193,3.5213,3.7402,4.8666,1.2509,1.1808,0.979,0.8748,0.3287,1.6538,0.835,0.9758,1.2003,0.2647,1.0764,0.6392,0.0688,0.7541,1.5421,1.0154,0.8384,0.3045,0.0574,0.689,0.9761,0.6993,0.4402,1.324,0.9106,2.1818,0.3308,0.0038,0.236,0.2876,2.0886,0.6757,0.7199,0.9074,1.1099,0.611,1.0869,1.4239,1.1102,0.5438
Cell_141,1.6841,1.3173,1.6569,0.4858,0.3686,4.4502,3.8858,3.3965,3.7447,5.5871,0.6861,1.2039,1.684,0.1961,0.8867,1.4057,1.5545,0.469,1.2341,1.1596,1.5114,1.2538,1.335,1.13,1.7294,1.2774,1.2824,1.163,0.5241,2.1308,0.603,0.942,1.55,0.1141,0.9365,1.9328,1.2943,0.8265,0.6844,0.1922,0.8313,0.6473,1.5669,1.023,0.3799,1.4954,0.4897,1.2629,1.1087,0.4526
Cell_142,0.7013,1.396,1.423,0,1.9528,4.4612,3.7885,3.1066,4.7582,4.9562,0.8999,2.5039,0.8422,1.8907,0.6812,1.7335,0.4001,0.8012,0.7116,1.107,0.497,0.7151,0.381,1.4758,1.2853,1.9271,0.3692,1.2371,1.2147,0.905,1.5496,0.8221,0.2202,0.8739,1.2473,1.1829,0.8048,0.9248,0.8606,0.0529,1.1582,1.6358,1.1503,1.5749,1.2699,0.1144,0.8653,1.3454,0,1.0684
Cell_143,0.3027,0.292,0.8279,1.1361,1.5199,4.8814,4.0071,4.0835,5.5624,3.4323,1.3514,1.3208,1.1652,2.1795,0.7462,2.3998,0.7484,1.0665,1.1284,0.7495,1.2917,0.0977,0.4865,1.3494,1.4511,1.7936,0.6876,1.3815,0.6609,0.0238,1.1231,1.9102,1.3618,1.79,0.3305,1.0876,0.097,1.7663,0.9527,0.3647,1.0127,1.1524,0.5327,0.2273,0,0.135,1.0718,1.218,0.4397,0.9469
Cell_144,0.8937,0.2196,0.7065,0.4329,1.3644,3.5587,3.5752,4.5579,3.5068,3.9678,1.3883,1.9298,1.1938,1.1439,1.0825,0.7922,0.9286,0.6462,1.9336,0.7191,1.3511,0.9406,1.4929,2.6627,0.0754,1.2073,1.3699,1.6495,1.2527,1.1808,1.2313,1.1656,1.2489,0.8209,0.452,1.481,1.7646,1.056,1.2343,0.4114,0.9509,0.6575,1.1625,1.3465,0,0.8937,1.0177,0.4539,1.5226,1.6713
Cell_145,0.9641,1.3834,0.9093,1.0148,0.36,2.6342,4.7098,4.601,3.6843,3.6525,1.0954,0,0.5963,0.5802,0.1646,0.6551,1.3929,0.5896,0.3121,0.9032,1.8634,0.573,1.1581,1.1492,1.2263,1.267,0.9777,1.0935,0,1.8532,1.8657,1.2482,0.878,1.2525,1.3826,2.0032,0.7082,1.718,0.6455,0.7878,1.4881,1.1921,1.1284,1.8968,0.6536,1.1304,1.0167,0.9581,0.9092,1.1779
Cell_146,1.2521,0.3229,1.5045,0.395,0,3.6733,3.3406,4.2577,3.9033,4.784,1.3017,1.1909,1.6105,0.6561,0.963,0.6025,1.0923,1.1406,0.3311,0.0493,0.9982,0.5769,1.3477,1.5207,2.2211,1.063,1.2003,1.1066,0.6109,0.8283,1.4194,0.946,0.9476,1.9968,1.2839,1.1963,0,0.52,1.2562,0.5511,0.9881,0.2019,1.1918,0.9956,1.4381,1.6294,0.4282,1.9004,0.2916,2.4352
Cell_147,1.0102,1.3934,1.2422,0.4432,0.9731,4.0055,4.0336,4.4063,3.2564,4.6528,0,1.9076,1.7223,0.5626,0.9023,0.621,0.4575,1.1481,0.6271,1.2259,1.4467,1.1671,0.1176,0.1308,1.0968,0,0.6061,0.6334,1.1598,0.7863,1.2915,0.7878,1.1647,0.5458,0.7661,1.0648,0.5396,0.4185,0.9597,1.1888,0.2513,0.0712,0.331,1.4929,1.7387,0.7081,1.205,1.4332,0.8301,0.8452
Cell_148,0.9689,1.1141,0.6835,1.2709,0.7929,4.253,4.2225,4.8991,3.8498,4.3499,1.6633,1.0882,1.242,1.1156,1.7426,1.1743,0.532,0.8632,0.3099,1.3445,0.9377,0.2878,1.4077,0.9615,1.2929,1.4498,1.0452,0.3063,0.7828,0.8436,1.5699,1.3017,1.701,0.4997,1.4685,1.4708,1.1566,1.6557,1.0479,0.7745,0.8436,1.3793,1.5588,0.191,1.0642,0.8562,0.9921,1.6309,1.7911,0.91
Cell_149,1.0998,1.0543,0.9405,0,1.3126,3.9214,4.4459,3.756,4.5416,4.296,0.3734,0.9772,0.7865,1.0654,1.4578,0.7992,0,1.2428,1.1873,0,1.2389,1.054,0.3911,0.5754,1.2838,1.4711,0.8685,1.1025,1.1683,1.2926,2.0564,0.5808,1.4386,1.7832,1.1214,0.6316,0.6058,1.1222,0.5745,0.9545,1.8915,0.6384,1.4126,1.0481,1.288,0.7112,1.1546,0.8302,1.1961,1.247
Cell_150,1.0617,0.8001,0.0978,1.4988,0.2985,4.1453,4.2718,3.9618,3.9466,3.9519,2.0418,1.1055,0.2846,1.2505,1.3178,0.7935,0,1.7806,1.4474,1.0172,0.9396,1.196,1.6948,1.2458,0.8295,1.5197,0.6502,1.0177,1.2518,1.0257,1.2467,1.1368,0.6147,0.902,0.9785,1.0436,0.8914,0.8215,1.1189,0.8794,1.3015,1.4901,0.5093,1.0112,1.0585,1.1829,0.3028,0.9241,0.5645,1.0913
Cell_151,0.4381,1.2575,1.0589,0.6972,1.6542,1.1004,0.4811,1.1619,0.9029,0.3641,4.0794,5.0219,2.9284,5.1446,4.1315,1.1225,0.2791,1.2853,1.6082,0.9773,1.3517,0,1.3807,1.3359,1.7154,1.0063,1.6134,0.3399,0.6127,0.4725,1.446,0.4063,0.0988,1.2441,0.7899,2.2912,1.4152,0.4474,0.6693,1.2711,0.9305,0.9268,1.5741,1.1367,1.2816,0.9277,0.7735,1.6542,1.8999,1.6323
Cell_152,0.3903,0.7526,0.5855,0.3927,1.453,1.2097,0.7601,0.7351,1.8163,0,3.7762,5.4478,4.2134,3.3106,3.0474,0.3051,1.3017,1.0726,0.6974,0.9012,0.4562,1.506,1.1799,1.7738,0.7877,0.8482,0.5124,0.4204,0.8279,0.8062,0.9452,1.2022,0.8647,1.7386,0.822,1.6125,1.0096,0.7687,0.9553,1.0932,1.1803,0.1945,0.7568,1.3264,0.4182,0.4808,1.5586,0.9627,1.0722,1.358
Cell_153,0.4185,0.7711,0.3801,0.7606,0.4743,1.194,1.809,0.2703,1.6955,0.2511,4.3738,3.9894,4.2732,3.4008,4.3992,0.7344,1.1867,0.6393,1.2881,0.509,1.2903,1.4675,0.4757,0.9542,0.4305,1.1888,0.6187,0.9286,1.4375,0.5409,1.6271,0.1278,0.2329,1.4559,0.1859,0.4779,1.1348,1.2957,1.2977,1.3411,0.8869,0.7887,1.0163,1.0826,1.2786,0.5479,1.2227,1.8159,1.4206,1.1614
Cell_154,1.0097,1.1171,2.0027,1.0495,1.6628,1.6747,1.6303,1.1636,0.188,0.5882,2.9372,4.8652,4.5946,3.0826,4.3563,1.6109,0.7904,1.6616,1.0807,0.2542,1.1459,1.9247,1.703,1.3265,0.4639,1.0508,1.0949,1.2067,1.3264,1.2774,1.575,1.4685,1.3489,1.61,1.1017,1.9283,0.8295,0.9506,1.2419,1.3273,1.1869,0.3094,1.4896,0.5753,0.7433,1.2405,0.2154,0.7146,0.6752,0.9263
Cell_155,1.8663,0,1.1269,1.4224,1.1919,1.3667,1.2066,1.6998,0.7298,1.1269,3.5168,3.4755,4.5649,3.5657,4.3708,1.843,1.7725,0.9984,0.221,1.9149,1.1637,1.4673,0.8256,1.5944,1.6693,0.9863,0,1.8933,0.268,1.2221,0.4172,0.4907,0.9023,1.6992,0.7928,0.3029,0.4474,1.0959,0.5625,1.3996,0.5496,1.837,0.7941,1.3389,0.8002,1.1815,1.4076,1.4974,1.6272,1.2168
Cell_156,0.599,0.8874,0.3792,0.8845,0.1882,0.9474,1.4336,0.1012,0.9573,0.6504,5.0182,4.9285,3.6148,3.8057,4.6146,1.2308,1.2733,1.236,1.0614,0.7993,1.3372,0.5991,0.7456,1.5578,1.777,1.2834,0.2984,0.5663,1.5143,1.2984,1.1488,1.1666,0.6187,1.298,1.0927,0.9071,1.5456,1.0596,0.0518,0.7106,0.2888,0.6229,1.8755,0.6844,0.7491,0.5142,1.2566,1.3645,0.8108,1.1814
Cell_157,0.695,0.0018,1.8472,1.6509,1.2128,2.7527,0.9977,1.1935,1.475,0,4.2829,2.9657,3.3233,3.3092,3.5298,1.1546,1.0384,0,0.49,1.0123,1.1162,0.1266,1.1784,1.4594,1.3295,1.3519,0.9873,0.6139,1.2426,1.0001,1.1608,1.0085,1.5319,2.0385,0.5303,1.1035,0.331,0,1.5721,1.2803,0.947,0,1.0371,1.1731,0.8453,0.5965,0.5481,0.3867,2.2815,1.4493
Cell_158,0.8921,0.8249,0.8324,1.1985,1.4421,1.183,0.5351,0.8754,1.3299,0.7646,3.3312,2.9696,3.3917,3.2128,3.1993,1.4813,0.8114,1.644,0.8435,1.0568,0.4384,1.0357,0.5281,0.4437,0.5506,0.6716,0.506,0.5573,1.598,1.189,1.1901,0,0.239,0.9058,0.4089,1.2554,1.1147,0.9465,1.1995,0.3967,1.2333,1.3566,1.2985,1.6081,0.5027,0.3688,1.6324,0.0946,0.1772,1.3613
Cell_159,1.3058,1.3027,1.7233,1.5017,1.034,1.2013,0.6238,1.0249,0.4361,0.7826,4.5286,4.2811,3.4404,3.8866,3.7245,1.29,0.4129,0.4182,1.4014,0,0.5858,1.9822,0.6593,1.1741,1.7474,1.758,0.1681,0,1.4333,1.4869,0.7773,1.7522,1.1737,1.8754,0.5433,0.7571,1.2848,1.0748,0.7552,0.4215,0.5766,0,0.5364,0.7791,0.3867,0.7673,1.4855,1.1326,1.773,0.9709
Cell_160,1.1727,0.5984,0.8726,0.5347,1.135,0.4644,0.5231,0.6582,1.2588,0.8236,3.6226,3.6306,4.371,3.7857,4.7961,1.6991,1.271,1.6403,0.777,1.0565,0.706,0.0838,0.9764,1.3007,0.6663,0.7769,0.7036,0.7801,1.0661,0.2609,1.0971,1.2051,1.2604,1.0281,1.4086,0.9108,0,1.2536,1.1933,0.6635,1.6088,0.7175,1.701,0.1306,0.6432,1.4075,0.6048,0.6723,0.0172,0.0593
Cell_161,0.5673,0.2983,0.5415,0.8327,1.6393,0.434,1.1317,1.3284,0.4706,0.4643,4.25,3.8018,3.8493,3.7716,4.2433,0.7386,1.741,0.8953,1.3074,0.9278,0.5193,1.3845,1.2396,0.8144,0.2797,0.9915,1.2775,0.0814,0.9386,1.3975,1.1529,0.9041,0.6445,0.7895,2.1138,0.3473,1.7585,1.0735,1.0954,0.1116,0.7431,0.3224,0.8332,1.1181,1.0073,1.2158,1.0298,0.9164,0.9127,0.8147
Cell_162,0.6401,1.63,0.8297,1.2125,1.5236,0.2383,1.0108,0.9961,0.8232,0.5812,3.3314,4.04,4.2577,4.3772,5.1303,0.5343,1.5498,1.3882,0,1.091,0.9428,0.4108,0.9226,1.1104,0.3618,1.0979,0.5708,1.581,0.5865,0.5295,1.1355,0.3813,0.707,1.5447,1.0592,0.5653,0.8566,0.5108,1.1172,0.1572,0.4763,1.2058,0.385,1.4244,0,0.1584,1.3844,0.514,0.7365,2.4048
Cell_163,1.5896,1.1338,1.232,0.8268,1.8044,1.1329,0.5712,1.9922,1.9665,0.4183,4.3584,3.6134,3.5004,3.6802,4.3069,0.8262,1.5051,0.9623,1.3246,0.8081,1.4289,0.0651,0.9352,0.5261,0.6558,1.1077,1.2033,0.6459,1.1566,0.4289,1.2412,1.0441,1.1425,1.0164,1.1274,1.035,0.5611,0.1146,1.5227,0.4329,0.9896,1.024,0.2961,0.6489,1.2537,0.6781,1.3696,1.0553,1.2164,1.0486
Cell_164,0.9198,0.302,1.0784,2.092,0.8401,0.959,1.2875,1.1353,0.8166,0,4.9359,4.282,3.9086,3.8896,3.8678,1.382,0.7601,1.392,0,1.4798,0.9259,0.8529,0.2327,1.4992,1.4309,0.3699,1.0941,1.3608,0.7684,1.8623,1.9479,1.0938,1.6652,1.4374,1.1742,0.8739,0,1.4924,1.0449,1.2198,1.1304,0.5344,1.0182,0,1.7405,0.5941,0,0.8609,1.2331,1.6063
Cell_165,1.6105,1.0265,2.1977,1.0186,1.1782,1.0917,0.4114,0.2083,0.2528,1.2353,4.0322,2.9934,4.283,3.7994,3.4386,1.3638,0.7157,1.9615,1.5402,1.2574,1.4005,1.0813,1.0761,0.3069,2.0181,0.0556,2.0081,1.4922,1.3736,0.542,0.9175,0.5127,0.3414,1.4715,0.9548,0.0105,1.0175,0.929,1.6195,0.6482,1.453,1.0838,0.662,1.1969,1.6192,0.945,1.335,1.3393,0.3032,1.2752
Cell_166,0.888,1.3078,1.4093,1.5841,0.6156,1.1059,2.1908,1.4691,1.8097,0,3.6655,3.4659,5.3849,3.6168,4.0566,1.0138,1.3084,2.3176,0.7871,0.7384,1.2023,1.5428,0.664,1.0821,0.9749,0.6254,0.9412,1.7738,1.1484,0.7443,0.9695,1.7965,1.0815,0.8823,1.0026,1.8472,1.2873,1.9194,0.8959,0.5731,0.9595,1.0341,0.9501,1.0439,1.4736,0.0309,1.051,1.6533,1.706,0.9988
Cell_167,0.9121,1.4663,1.5118,0.5397,1.0544,1.0752,1.1525,0.4373,0.9126,1.4926,5.0172,3.5318,4.203,5.1269,3.6119,1.7934,1.3427,0.7312,0.7876,0.8765,1.3423,1.7239,1.3517,2.0205,1.2883,0,2.1774,0.4682,1.6138,0.989,1.9274,0.9045,0.8231,1.5114,0.9582,0.6048,0.4666,1.0606,1.248,1.0052,0.8826,0.9583,1.5727,1.6389,0.9129,1.3061,0.7576,0,0.7294,0.8989
Cell_168,1.2665,1.5968,1.6799,1.3333,0.6813,0.7712,1.3886,2.0046,0.8921,1.6389,3.8955,3.7638,3.2179,5.0884,4.0461,1.6945,1.0873,0.42,0.8089,1.0906,1.1022,0.7298,0.9541,1.4013,1.897,0.6874,0.9389,0.5529,1.2475,0.9337,0.8347,1.0326,0.7355,1.1994,0.4641,1.6199,1.0464,0.6186,0.6557,1.0936,0.6045,1.254,1.5572,1.4482,1.8078,1.318,1.4899,0.9047,0.917,1.129
Cell_169,1.2757,1.6886,1.8254,1.3344,1.299,1.4147,2.0373,1.7428,1.7715,1.4532,3.7975,4.2484,3.7009,3.9347,4.2967,1.6175,1.3439,0.6763,1.359,1.4744,1.2628,1.2065,0.5079,2.1101,0.1788,0.1498,1.4129,0.8126,1.2303,1.5695,0.0242,0.9194,1.5804,2.044,1.3299,1.4869,1.7587,1.3203,1.5137,0.1705,1.3303,1.1074,0.4458,1.219,1.4706,0.7468,0.7273,1.4851,1.5858,0.7747
Cell_170,1.0424,1.312,0.5881,1.4395,0.7287,0.7635,1.491,0.8604,1.2732,0.569,4.0634,4.2172,4.7587,4.3548,4.4505,0.9099,1.2847,1.5588,0.8574,1.3249,0.8744,0.7205,1.8678,0.9847,1.1843,0.8701,1.5163,1.637,0.598,0.6891,0.8256,1.0127,1.4132,1.0295,1.4552,1.3196,0.9588,0.9645,0.9436,0.7293,1.6331,1.0153,0.9743,1.162,1.488,0.368,1.218,1.0484,1.4812,1.4014
Cell_171,1.389,0.6815,1.3917,0.3312,1.3858,0.6997,1.2437,0.6276,1.0008,0.8966,2.9278,4.0873,5.0215,4.6066,3.4655,0.2744,1.8795,0.7348,0.7156,1.5611,1.093,0.8214,0,1.83,0.6688,0.1207,1.5898,0.5324,1.391,0.4126,0.2094,0.1416,1.2074,0.5845,1.438,1.7122,0.5539,1.1962,1.0805,0.9784,1.7184,1.2867,0.645,0.9744,0.9307,0.7463,1.8225,0.4952,0.2834,0.6092
Cell_172,1.4116,0.2775,0.7136,1.8268,1.8742,1.7798,1.1897,0.8226,0.5322,1.0988,4.3139,4.3949,4.804,3.3674,3.7942,1.7419,0.4239,1.5501,1.9112,0.2086,0.872,1.4512,0.9896,0.9486,1.2845,1.3722,1.4697,1.3268,1.2872,0.8125,1.27,1.4056,1.2507,1.4684,1.7978,1.1142,1.3741,0.8287,1.6319,1.2095,0.1996,1.0151,1.6954,0.812,1.4931,0.7634,0.3105,0.6906,0.934,1.4735
Cell_173,0.4791,1.3514,0.7435,1.764,0.9522,0.6744,0.7668,0.4405,1.7743,1.3806,3.4996,4.9055,4.3057,4.5745,3.6242,1.1285,1.0374,1.1247,1.8293,0.2618,1.2015,0.866,1.2462,1.7831,1.6938,1.2698,0.8167,1.0878,1.0368,0.6509,1.3255,0.2874,0.4488,0.8181,1.3072,1.1254,1.5596,1.3539,1.6518,0.6815,0.6288,1.3363,1.073,1.3177,1.2368,1.003,1.5717,0.6277,1.1165,0.1588
Cell_174,1.4346,1.7297,1.7259,1.6048,0.1473,0.3062,1.1039,0.6643,0.5513,0.9976,4.8442,4.4648,3.5723,3.2272,4.6714,0.6219,1.5717,1.2927,1.3858,1.2741,0.7025,0.8476,0.1362,1.0815,0.7078,1.5549,1.3977,1.6094,0.9615,1.1568,0,0.9886,0.8544,1.0481,0.9548,0.9594,0.4478,0.5683,1.0976,1.0861,0.2041,0.671,0.4699,0.3572,0.7933,0.9777,0.8752,1.1256,0.615,0.7046
Cell_175,1.2545,1.16,1.249,1.342,1.2527,1.3887,1.0227,0.6629,1.3091,1.0292,4.4615,4.0976,4.8007,4.7294,4.6273,0.8766,0.293,1.1209,0.7188,1.3341,1.4236,0.9477,0.8327,1.2881,1.245,1.5982,1.4633,1.7623,1.3367,0.4011,0.3437,0.7032,1.5299,0.6216,2.5361,1.1212,0.0188,0,1.5999,1.1854,2.1905,0.796,0.1392,1.1764,1.0719,0.8747,1.5051,1.2852,1.1225,1.0853
Cell_176,1.5868,1.6803,1.3907,1.485,0.4371,1.5741,1.829,0.9944,0.4409,0.7864,4.5817,3.0791,3.1922,3.3724,3.81,0.7191,1.6807,1.152,1.1034,0,0.5086,1.1005,0.5501,0.2533,1.0181,1.0369,1.1086,1.1914,1.5207,1.2012,0.942,0.5337,1.1024,0.2645,1.555,1.5668,0.2769,0.6538,1.5111,0.7073,0.1497,0.2653,1.439,0.9612,0.2475,0.8518,0.2266,0.5184,0.4724,1.2861
Cell_177,0.3719,1.2137,0.3018,1.487,0,1.0988,1.2914,0.7091,0.7501,0.7767,3.7771,4.3085,4.6374,4.5694,3.0486,1.14,0.5818,1.4465,0.7955,1.1777,1.076,0.2215,1.2351,1.0768,1.0652,0.6203,1.1295,0.8344,1.3122,1.1703,0.7765,0.8937,1.2897,0.4184,0.9655,1.7596,1.7449,0.8548,1.4708,1.3983,0.568,1.0341,0.5514,1.3955,1.265,2.0703,0.6754,1.1104,1.5201,0.7166
Cell_178,1.0161,1.0374,0.9143,0.8031,0.8886,0.3229,1.7705,0.6582,0.7791,1.1009,4.4805,5.3368,4.8621,3.3428,3.3455,0.0171,0.3125,0.7073,0.9063,1.2612,1.0021,0.9899,1.1812,0.8951,0.8789,1.2786,1.3065,1.3909,0,0.9797,1.6549,0.7544,1.0147,1.1617,0.9924,1.316,1.3721,1.3841,2.6767,1.2688,0.0198,0.3439,1.915,0.111,0.4478,1.2247,1.6295,1.4924,0.8414,1.0592
Cell_179,0.6635,0.9011,0,0.4514,0.1535,1.149,0.0753,1.6811,1.8727,0,3.6666,4.2472,3.977,3.572,4.6942,0.5954,0.7629,1.247,1.6015,0.9172,0.5895,0.8633,0.6785,1.6651,1.9808,0.8565,1.3426,0.8028,1.2722,1.0002,1.0484,2.6493,0.445,1.0936,1.416,0.7707,0.3459,0,0.5694,0.9258,1.0852,0.9576,0.7445,0.4131,0.6106,0.4136,0.8118,1.6667,1.017,0
Cell_180,1.2021,1.9509,0.3478,1.3478,0.5134,0,0,0.8368,1.7264,1.6954,3.7759,4.3832,3.8049,3.7049,3.8553,1.2599,0.3259,0.6058,1.7917,0.796,0.1744,2.1624,1.2586,1.2653,0.1169,1.0826,2.1094,1.6632,0.9425,2.2145,1.3833,0.2732,1.3482,0.9811,1.2739,0.9688,1.1078,1.2937,0.677,0.3611,1.3718,0.5038,1.2331,1.3716,1.3226,1.8394,1.7315,1.4369,0.5216,0.2273
Cell_181,1.0182,1.2008,2.2967,0.3109,1.2181,1.0115,0.8265,1.54,0.4902,1.0602,4.8922,4.0334,4.3981,5.0827,4.3039,1.1457,1.3936,0.8172,1.6704,0.4083,1.4214,0.9597,1.7393,0.7275,1.0796,0.4663,0.7551,1.3672,1.1499,0.6216,0.7492,0.9933,0.3978,0.7162,0.3913,0.8747,1.1553,1.0731,0.9116,0.7338,0.7242,0.7625,0.9595,1.2781,0.6287,1.0707,0.6811,0.3963,1.1168,0.7005
Cell_182,0.7617,0.5819,1.193,0.4131,2.2184,1.3983,0.4428,1.1764,1.7966,0.707,3.3649,3.9137,3.1004,3.9265,3.8814,0,0.7977,1.6423,0.8321,0,1.3216,0.414,1.7242,0.753,1.1115,1.0743,1.2729,1.4435,0.9736,0.715,1.5501,0.6699,0.7633,0.5017,0.8966,0.4584,0.6759,1.5791,0.7848,1.0683,1.3503,1.1704,1.5546,0.8813,1.704,0.2319,1.6707,0.581,0.2503,1.4347
Cell_183,1.1363,1.4368,1.3131,1.206,0.9075,1.1692,0.9311,0.5383,1.1132,1.0224,3.7388,3.2848,4.4019,4.0886,3.5048,1.5312,0.4357,1.1339,0.4403,1.2851,1.6599,0.377,2.4878,1.3004,0.2617,1.8127,1.4,0.7647,1.5103,0.9311,1.2943,0.2226,0.7231,0.6476,0.3105,1.0596,0.3813,0.2853,0.7447,1.4353,0.9247,0.6802,0.66,1.3212,1.3344,0.9865,0.9729,0.6212,1.4097,0
Cell_184,0.781,1.2565,0.4059,0.365,2.4589,1.2497,0.8921,0.3793,1.5109,0.1482,3.9272,4.3866,2.264,3.0005,5.5864,0.7255,1.4022,1.4913,0.6251,1.5929,0.964,1.0336,0.3004,0.7957,0.9857,1.5816,0.8894,0.9224,0.7939,1.9356,0.3,0.495,1.662,1.1041,1.1475,1.5589,1.1848,0.4121,0.6093,0.4038,0.3889,1.4822,0.9793,0.4008,0.618,1.8388,0.5667,0.2431,1.033,1.3746
Cell_185,0.9115,1.147,1.1457,0.5388,1.1974,0.0646,1.7748,0.826,0.8456,1.0909,2.7217,5.3331,2.9205,4.6789,3.291,0.7443,0.6391,1.4359,0.2841,0.679,1.6122,1.301,1.591,0.4118,0.6902,1.8657,2.0207,1.0728,1.02,1.1418,0.5434,1.3025,0.4175,1.8095,0.9002,1.413,1.6112,1.3903,1.3315,1.5107,1.6807,1.2392,0.8042,1.4139,0.8022,0.8993,1.9685,0.6346,0.7383,0.6286
Cell_186,0.8276,1.4107,0.7329,0.9882,1.601,0.9429,0.6895,0.1241,0.2542,0.8449,3.9292,4.5326,5.0869,3.512,3.2004,0.8059,1.5099,1.1582,1.3953,0.6711,1.5916,0.2694,1.191,0.7901,1.4741,0.6733,1.3848,0.8224,1.0257,0.5549,0.1221,1.3857,1.1674,0.2392,1.485,0.945,1.2784,0.2359,0.378,1.3418,0.6473,1.1507,0.6065,1.4347,1.4513,0.4005,0.6031,1.0246,0.6421,0.7572
Cell_187,1.1542,0.6048,1.8427,1.4253,0.2361,1.5492,1.8665,0.5063,1.8173,1.6108,3.7199,3.7925,3.9855,4.5722,4.3465,1.481,0.9961,1.6483,0,1.1693,0.3493,0.5911,0.3833,0.672,1.7522,0.9828,0.6931,0.8251,1.569,0.1204,1.2144,1.228,1.1282,0.9669,1.6081,1.6421,1.179,1.702,0.5097,1.2742,1.7075,0.5158,0,0.9946,0.5663,1.1876,1.2117,0.3932,1.1258,0.4764
Cell_188,1.0196,0.7484,0.2246,0.9187,0.6214,0.9934,0.2691,1.0217,0.3191,1.317,3.5004,4.5712,4.4331,4.8054,3.3537,0.8592,1.2919,0.6536,2.0396,0.8043,0.3994,0.5192,1.1138,0.2362,0.9291,0.7839,1.9587,0.907,0.8739,1.3307,1.1466,0.2757,0.4206,1.856,0.9463,0.3189,1.0173,0.1693,1.5446,1.5163,0.8022,1.2875,0.7174,0.8034,1.699,1.4422,0.6405,0.8363,0.2796,0.6184
Cell_189,0.3685,1.5186,1.0342,0.606,1.4939,0.6687,1.2172,0.715,0.6986,1.2003,3.5397,4.1555,2.7021,3.8482,4.6112,0.7555,1.4702,1.1561,0.653,0,0,1.7033,0.743,1.4384,0.9248,0.5093,1.3651,0.9431,1.3954,0.7863,1.8507,0.7229,0.7595,1.796,1.3097,1.1296,0.5683,1.0358,1.3865,0.8064,1.516,1.045,1.1286,0.0088,0.0008,0.078,0.4606,0.8666,0.7828,0.8491
Cell_190,1.2692,0.4455,1.1977,0.9588,1.1954,1.3331,0.4876,0.7998,0.6619,0.8604,3.9166,3.5515,3.6187,4.5515,3.1411,1.1472,0.9551,0.2374,2.0666,1.6144,0.4858,1.7163,1.6751,0.2759,1.6256,1.4997,0.1762,0.7576,1.5996,1.028,1.0388,0.699,0.9514,0.9023,1.6739,1.0304,1.4058,1.0606,1.2331,0.5777,0.1281,1.308,1.6768,0.8083,1.808,0.766,0.1486,1.021,1.8608,1.4534
Cell_191,0.3383,0.6218,1.1515,0,0.7706,0.32,1.3676,0.955,0.4925,1.4087,4.5375,3.6613,3.3266,4.6171,4.758,0.6269,0.6673,1.1331,1.2526,0.886,0.8092,0,1.0917,0.4297,2.3517,0.9007,0.157,1.452,1.0157,1.7727,0.9073,0.9993,0.6798,1.2911,1.8016,0.3668,0.9759,0.9391,1.1559,0.9992,0.9633,1.285,1.5838,0.5686,0.9879,1.4991,1.0589,0.4303,0.2358,0.9567
Cell_192,1.5276,0.608,0.5642,1.1598,1.1266,0.2176,1.4138,0.2051,0.7823,0.8354,3.9854,4.7651,3.3925,4.3216,3.3323,1.2615,1.0735,0.8574,0.9948,1.6817,1.1046,1.1772,1.3148,0.2137,1.2556,1.0289,0,1.0877,0.4666,0.9516,0.5682,1.3754,1.8147,1.1621,0.3787,0.7905,1.8293,2.5462,1.029,0.4556,1.3721,1.142,1.5461,0.6076,1.1145,1.7668,2.0024,0.1472,0.5485,1.167
Cell_193,0.2409,1.4626,1.1183,1.0162,1.293,1.0743,1.3842,1.5205,2.1672,0.6693,4.1273,3.4833,3.7994,3.8011,3.7041,0,0.4891,0.9406,1.5293,0.9247,1.0653,1.246,1.6532,2.2801,1.8459,0.4855,0.1111,1.3794,0.6582,2.1023,0.9859,1.1268,1.1487,1.3898,1.6866,1.1837,0.9897,0.7426,1.5571,0.2287,1.2595,0.5522,0.8599,0.4774,0.9767,0.6562,0.337,0.6973,1.325,0.5574
Cell_194,0.9014,1.425,1.0715,1.3759,1.2402,0.5766,0.7949,1.1662,1.0035,0.9081,4.4084,5.1569,3.7775,3.8802,3.056,0.8684,1.05,0.7766,0.9968,1.2841,1.0068,1.6104,1.7751,1.3377,0.6164,1.176,0.633,0.8839,0.96,0.452,0.6822,1.2928,0.3367,0.2333,0.6468,1.0211,1.3059,1.692,0.5557,1.853,1.1891,1.611,1.4763,0.5558,1.3086,1.305,0,0.3489,0.8701,1.3455
Cell_195,0.4245,0.9975,0.9561,0.798,0.3951,1.075,1.6778,1.1213,1.4151,0,3.4582,4.6237,3.2973,4.405,3.7791,0.534,0.6212,1.0392,0.3968,2.257,0.3797,1.3531,0.8668,0.9263,1.0371,1.1653,0.8894,0.6929,0.8331,0.6499,1.4526,0,0.9677,1.3823,0.7309,1.782,0.2008,2.0621,0.5511,0.7187,1.3441,1.6148,1.812,0.0994,1.1515,0.8382,1.5397,1.0953,1.0112,1.9442
Cell_196,0,1.073,1.2681,1.9434,1.6081,1.2812,1.3602,1.1715,0.7235,0.8105,4.1039,5.2993,4.4913,3.3106,4.3987,1.735,1.3325,1.5074,0.804,0.7198,0.8774,0.4208,0.2954,1.0351,1.3023,0.7931,1.3777,1.0607,0.8817,1.4823,1.5198,1.0893,1.041,0.0003,0.66,0.4277,0.5368,0.5804,0.6276,1.68,0.3511,1.2165,0.8196,0.8451,0.2081,0.8057,0.4988,0.9221,1.0957,2.0575
Cell_197,0.4056,1.6158,1.044,0.5218,1.5774,0.6846,1.7058,0.9295,1.2963,0.684,3.6789,5.1697,3.6648,4.4776,2.9133,0.729,0.7628,1.0257,1.7062,0.0254,0.0564,0.3779,1.1802,0.1877,0.1323,0.2268,1.4096,0.6445,0.587,0.8117,1.0105,0.3599,0.275,0.9011,0.8959,1.7994,1.1227,1.1212,1.0989,0.6066,1.1992,0.9533,1.435,0.2863,0.9194,1.0379,0.018,1.2804,0.4414,0.949
Cell_198,1.1671,1.5879,1.9857,0,0.5828,1.2409,1.7251,0.8672,2.358,0.4675,5.18,3.9606,3.7432,5.3363,3.7289,1.5066,0.6968,1.1263,0.7085,1.0876,0.9027,0.9557,0.7595,0.5785,0.7266,0.2451,1.55,2.11,0.2807,1.0329,1.5526,0.5355,1.5308,0.5536,0.0154,1.3475,1.863,0.2096,0.4878,1.2749,0.7528,0.642,0.9034,1.2564,1.3197,1.3125,0.7028,2.6022,0.7167,0.8569
Cell_199,0.7222,1.3653,0.0927,1.0684,1.5346,0.8474,1.3287,1.7531,1.4162,0.2476,5.0668,3.3119,4.5018,3.4285,4.7247,1.4308,1.6755,0.354,1.0663,0.8586,1.3779,0.4674,1.6092,1.2923,0.3767,1.2813,0.7463,0.8108,1.1526,1.9085,0.687,0,1.1121,0.5114,0.5232,0,0.1985,1.5944,1.5341,0.8602,0.204,0.6093,0.9551,0.6494,1.3917,0.8087,0.9491,1.0698,1.8281,0.5456
Cell_200,1.034,0.32,1.1876,1.4415,0.4277,1.608,0.0847,0.7964,1.2146,1.819,3.675,3.2803,3.7774,5.3679,4.6984,0.4193,1.192,0.5234,0.6672,1.3183,0.4177,1.4656,1.4165,0.8765,0.5042,1.186,1.456,1.7566,0.9704,0.6743,0.8015,1.4661,1.0412,1.1129,0.5403,0.5432,0.4715,0,0.9695,0.4241,0.6344,0.3983,0.8649,0.1269,2.029,1.5531,1.1063,0.1445,0.2887,1.192
Cell_201,0.8595,1.0066,1.4892,0.2347,0.3005,1.3725,0.8639,1.302,1.4336,0,3.2364,3.4049,4.5352,3.8396,3.9668,0.4483,0.5124,0.6378,0,0.9835,1.1709,0,1.5256,1.3727,1.2136,0.2169,1.3405,0.9425,1.3964,1.213,0.6078,0.8207,0.9306,0.5556,0.4744,1.469,0.7343,1.1645,1.0432,0.9247,1.9045,0.8456,0.8475,0.4479,1.3957,0.3837,1.2596,1.1244,1.6526,1.7497
Cell_202,1.8085,1.1555,0.6666,0.4403,1.3415,1.9374,0.5402,0.7401,0.6883,0.8197,3.8775,4.7175,4.0944,3.2743,3.6413,1.8159,0.2914,1.3056,1.1163,0.2998,1.2414,0.4817,0.3236,0.6604,0.8891,1.8531,0.1355,0.6269,1.3882,1.7517,0.8907,0.0273,0.873,1.2173,0.3953,0,0.6769,0.2454,0.3607,2.3125,0.7626,1.6132,0.7195,1.6873,1.1892,1.0609,0.6213,0.8274,1.1327,0.6128
Cell_203,0.9362,0.7064,1.8771,0.9496,0.866,1.0272,0.4342,0.5271,0.3897,0.3349,3.7186,3.901,3.5768,3.6066,4.0539,0.9317,1.7121,0.5754,0.276,0.5662,1.3508,1.3555,0.8136,1.4403,1.023,0.3963,0.9852,0.2047,1.3607,1.5331,0.783,1.076,0.6766,1.7846,0.4859,1.4622,0.8118,1.06,1.1508,1.043,1.5388,1.1193,0.7459,1.6863,0.7731,1.0644,1.3263,1.5537,1.5336,0.9269
Cell_204,1.0285,1.0633,1.2068,0.6171,0.5652,0.6206,0.7054,0.8212,0.917,1.4266,3.57,3.5004,4.5555,4.2653,4.0602,0.7118,0.7496,1.061,0.7388,1.0142,1.4841,0.5159,1.0258,1.9228,0.6224,1.8717,0.9776,1.9812,1.3496,1.6472,0,0.8918,1.2511,0.8224,1.2361,0.6269,0.8685,1.5646,1.3937,0.4784,0.9852,1.6691,0.5006,1.2882,1.0275,1.6886,2.0926,1.3817,0.5942,0.0262
Cell_205,0.9584,1.4537,1.6521,0.982,0.8545,0.5212,1.19,1.7075,0.6084,1.2879,4.135,3.9841,4.9275,3.6445,3.9484,2.2309,2.1638,1.5222,1.4712,1.4811,2.5634,0.7242,0,1.0114,0.9242,1.5415,1.216,0.6848,1.7599,0.721,1.5615,0.7161,0.6503,1.2156,1.6454,0.5274,1.7221,0.879,0.7975,0.2037,0.0391,1.3643,1.307,0.2508,1.1293,1.0122,0.7516,0.8491,0.8775,0.0721
Cell_206,0.3309,1.4063,0.4242,1.1865,1.2088,1.7836,0.3612,0.7174,0.3786,1.0512,5.5713,5.0235,3.586,4.1435,3.7688,0.4393,0.1233,1.1549,0.6538,0.9011,1.1286,0.321,0.7012,0.5284,0.5169,0.5721,0.4975,0.257,0.1439,0.8593,1.6737,1.1923,1.1142,1.9946,0.3155,0.5321,1.0992,1.0963,0.842,0,1.8463,0.8935,1.8881,1.6871,1.1647,0.7693,1.8754,1.4119,0.2945,1.1312
Cell_207,0.7965,1.5188,0.5797,1.7295,1.5654,1.1631,0.0428,1.5227,2.3999,1.4696,3.7152,3.0213,4.3396,4.1868,3.3427,0.7746,0.9824,1.5583,1.1503,0.8752,1.1616,0.4074,0.6449,0.1047,1.0547,0.763,1.0343,1.6819,0.373,0.4667,0.8102,1.0823,0.9577,0.74,1.0518,0.8936,0.5046,0.1716,0.4567,0.7896,1.4312,1.1031,0.3952,0,1.0197,0.79,0.7226,1.4159,1.0321,0.8988
Cell_208,0.888,0.9332,0,1.6933,1.0198,0.8257,1.5456,1.3752,0.953,1.4206,4.058,3.0173,2.6363,5.2134,5.0457,0.6727,2.63,1.545,0.7973,1.5475,0.0325,0.6706,1.0488,0.1361,1.0146,1.2687,1.3236,0.4543,0.9186,0.7845,0.1088,0.2263,0.7847,0.5453,1.9948,1.1181,0.8015,0.8086,0.9909,1.3695,1.1501,0.5827,1.6613,1.3996,0.5434,1.0703,1.6165,1.2409,1.516,1.2055
Cell_209,1.0265,1.6619,1.3703,1.6056,0.9377,1.6814,1.4543,1.4576,1.0181,1.0326,4.3314,3.756,4.7766,3.4328,3.8012,1.425,0.9396,1.0927,1.3127,1.0338,1.1648,0.472,0.9468,1.6716,0.7314,0.185,0.7411,1.4483,1.4424,1.3154,0.1872,0.6602,0.5155,0.7682,1.7746,0.9564,0.767,0.7489,1.6184,1.6056,2.0796,1.2551,0.9034,0.3547,0.3684,1.3279,0.5643,1.8346,1.0517,1.0493
Cell_210,1.0122,1.4736,1.1511,1.109,2.0273,0.0067,1.6308,0.733,0.6258,0.7222,4.9573,4.72,4.1392,3.834,3.5544,0.5497,0.992,0.5648,0.0025,0.4397,1.0523,0.9509,0.9024,0.255,0.8151,1.7068,1.2507,0.6673,1.9623,0.1999,1.4706,1.0026,1.0366,1.5649,1.4538,0,0.6455,1.833,1.1787,1.2909,0.5589,0.7382,1.4697,0.2227,1.3855,0.8233,0.3878,0.9915,0.8229,0.4032
Cell_211,0.4635,1.0936,1.2343,1.3198,0.3862,1.8633,1.0077,1.1463,0.9538,0.4392,2.9099,4.7044,3.2568,4.7568,3.6698,1.0342,0.4935,0.1169,0.5794,0.1834,1.2715,1.1249,0.113,1.7225,1.3298,0.8619,1.0304,0.6198,1.0139,0.4228,0.6625,0.4968,1.1664,0.7469,1.3954,1.1139,1.1999,0.6849,1.1136,1.5037,1.1037,0.985,0.9979,0.2605,0.5549,1.2032,0.1701,1.0413,0,0.5219
Cell_212,1.1235,0.5336,0.4257,1.7962,1.2092,0.8482,1.4549,1.4365,0.0454,1.5683,3.1704,4.9481,3.955,3.7935,4.1127,0.9509,1.2277,0.8678,0.6494,1.6337,1.2085,0.814,1.0708,0.9517,0.6314,1.4486,1.1716,0.3535,0.8089,0.9603,1.0284,1.0181,0.1063,0.9347,1.2991,1.0079,0.1253,1.0997,0.788,1.5849,1.5313,0.7534,1.2311,1.533,1.3203,1.3943,0.4735,1.2238,1.206,1.2225
Cell_213,0.3872,0,0.406,0.2235,1.1164,1.3511,1.0308,0.565,1.2651,0.8926,4.7365,4.4583,4.2411,4.4938,3.3532,0.8288,1.2303,1.3862,0.9959,0.4776,1.8506,1.3156,0.6542,0.5749,0.3862,0.9578,0.9482,0.7741,0.1636,0.716,1.2105,0.5033,0.7621,1.1405,0.8275,1.5674,0.4902,1.4135,2.3056,1.331,0.5925,1.3703,1.703,0.8287,1.5316,1.8646,1.5624,0.3765,0.0102,0.7661
Cell_214,1.0379,0.7235,1.0853,0.6734,1.1887,0.6725,0.9115,1.7676,0.9661,0.7796,3.8783,4.182,3.5226,3.3904,4.1937,0.553,1.4543,0.9007,0.5604,0,0.1195,1.3328,0.7377,1.2024,1.2959,0.6894,1.2628,1.6129,1.0425,1.4179,0.485,0.1844,1.0689,1.0076,0.4897,1.4786,1.3039,0.4594,0.3632,1.4433,1.5151,1.1251,1.2267,1.071,0.8536,1.285,0,0.9689,1.2916,0.8501
Cell_215,0,1.1237,1.0053,0.6002,1.3265,1.7384,0.5657,0.7329,1.7175,0.8114,3.7167,4.3977,4.3015,4.6994,3.326,1.1572,0.6954,1.619,0.7747,0,0.6719,1.124,0.8197,0.0034,1.5749,0.9945,0.5946,1.6792,0.4492,0.9744,0.5638,1.3781,1.3266,0.7556,1.6926,1.4089,2.092,0.1328,1.3218,0.8227,0.2678,0.3479,0.5699,0.8436,1.6513,0,0.2766,1.1698,1.2094,0.8984
Cell_216,0.8231,1.0444,1.7015,0.9988,1.3568,1.4834,0.7044,0.539,0.8011,1.8925,5.2943,3.5359,3.5014,4.455,4.4965,1.142,1.032,0.4968,1.029,0.3757,0.0855,0.5552,1.7538,2.2147,0.6596,0.5786,1.3868,1.4653,1.6872,1.1652,0.9308,0.3838,1.354,0.5903,1.9225,1.0818,0.8494,0.9753,0.5249,0.9255,0.1693,1.2597,0.1944,0.3499,1.2394,1.1193,0.0356,0.5018,0.4408,1.3418
Cell_217,0.1854,0.7476,0.815,0.8142,0.7037,1.299,0.385,1.3798,1.0273,0.3516,3.1232,4.3236,4.5852,3.672,3.6944,1.7629,0.2546,1.1494,0,0.7861,1.735,1.1117,0.5622,1.0287,0.9339,1.8349,0.812,1.0165,1.1317,1.1842,1.6628,1.4134,1.445,0.9906,2.3311,1.3534,1.1555,1.0113,0.3721,0.5812,0.538,1.1964,1.0484,1.8094,0.9959,1.572,1.5987,0.6103,1.5455,0.7188
Cell_218,1.4133,1.4705,1.6666,1.5139,1.4287,0.8777,1.4292,0.7384,1.4962,0.8881,4.1074,2.7565,4.3232,5.5157,3.9076,0.7494,1.5172,0.2601,0,0.7933,0.7506,1.5357,0.2802,1.7912,1.1634,0.8343,0.6529,0.4612,1.9651,1.0131,0.7526,0.733,1.2214,1.1088,0.4808,0.053,0.9229,0.853,1.2992,1.6909,1.0295,1.3508,0.0195,1.534,1.3063,0.8269,1.0666,1.5418,1.0317,1.2637
Cell_219,1.5386,1.8488,0.9595,1.0585,0.9398,0.9605,1.4166,1.8053,0.1709,0.3136,4.1313,4.3366,4.4584,3.225,3.4424,1.9353,1.342,0.5879,0.6939,1.2733,1.7315,0.5807,0,0.7407,0.8238,0.7965,0.8383,0.8458,1.3572,0.9972,1.7679,1.1593,1.1562,1.3235,1.1113,0.725,0.5795,0.1759,1.3139,1.5218,0.6845,0.8264,2.0154,1.2019,0.5854,0.4836,0.9374,1.4242,1.2771,1.8394
Cell_220,0.5206,0.9136,1.3821,1.3408,0.7763,0.8795,1.0376,0.4752,1.2294,2.2798,4.1799,3.9412,4.1849,4.3895,4.1459,0.7967,0.8125,0.4473,1.5165,0.873,0.3381,1.5723,0.8354,1.3419,0.9769,0.5838,0.2326,1.2124,0.6647,0.8536,1.9425,1.4695,0.749,0.7394,1.7409,0.5203,1.2451,0.1894,1.5042,1.4654,0.7635,0.8369,1.2731,1.6641,1.459,1.1074,2.1677,0.8441,0.3309,0.7999
Cell_221,1.2466,1.1683,0.9538,1.5128,0.8108,1.0113,1.2969,1.3814,0.2059,0.5433,4.2314,3.5324,2.9786,3.755,3.3645,0.988,0.4235,0.6851,1.1834,0.7212,1.755,0.6343,0.7655,1.1414,0.9542,1.0145,1.2073,1.2101,0.3577,0.2862,1.7271,1.5467,0.527,0.5998,0.2885,0.9286,0.6362,0.733,0.2967,1.8282,0.5786,0.8339,1.4276,0.5788,0.4627,1.7846,0.2317,0.9082,1.2203,0.711
Cell_222,1.0651,1.488,0.5381,1.0395,1.345,2.1769,0.2767,1.4689,1.2439,1.0692,2.9208,4.024,5.0361,3.1844,3.7746,1.2249,0.3445,0.4721,0.5343,2.0643,0.5228,2.3009,1.7527,1.4891,1.1927,1.0322,0.6658,0.9867,0.3974,0.2901,1.0448,0.2438,0.5446,1.2535,0.7456,0.5783,0.3879,1.7921,0.9146,1.4124,0.8946,0.817,0.5541,1.1428,1.6852,1.071,1.1585,1.2365,0.742,1.3471
Cell_223,0.3939,0.3758,0.5091,1.148,1.2653,0.6755,1.4291,0.4375,1.6367,0.7994,4.7075,4.6917,5.2944,3.8486,4.1984,0.6317,0.7561,0.4335,0.5314,1.6053,0.6098,0.4133,0.8797,0.837,0.9183,0.3869,0.3754,1.51,1.1929,0.3809,0.7684,0.9429,1.5911,0.2661,1.6169,1.349,0.9004,1.3923,0.7258,0.576,0.8293,0.5751,1.8764,0.3841,1.5368,0.563,0.6055,0,0.8188,0.554
Cell_224,0.5092,0.8042,0.6657,1.3778,0.7723,0.8486,1.3601,1.2154,1.0904,0.555,3.5838,3.6789,3.5034,4.2958,3.8877,1.2179,1.0088,0.2623,0.6305,0.9488,1.8106,1.073,0,1.4113,1.9456,0.6816,1.4427,0.998,0.8298,0.9577,0,1.1841,0.7798,1.8872,0.9955,1.263,0.1918,0.7061,0.7178,1.2318,1.651,0.6743,0.2919,0.3316,1.4216,0.9299,1.2513,1.1424,0.7132,1.4225
Cell_225,0.9411,1.0775,1.236,1.7899,1.0999,0.9425,1.3881,1.0603,0.5099,0.7292,3.9567,4.5994,5.2988,4.3807,4.3468,0.9561,1.2105,1.0497,1.636,1.3934,1.4294,1.1693,0.5526,1.4069,1.6183,1.1278,1.1895,0.5112,0.8307,1.006,0.9442,0.6542,1.1543,1.2942,1.7096,1.8604,0.6481,1.2359,1.1649,1.0773,0.9497,1.268,0.8079,0.106,1.607,0.7954,1.1919,0.2018,0.1717,1.9861
Cell_226,1.2303,1.4202,0.826,1.2106,1.5269,0.5479,0,0.7444,0.7291,0.6585,1.3953,1.6398,1.5694,1.311,1.6492,3.292,3.9161,4.149,3.7873,4.5115,0.2552,0.3405,2.0847,0.8376,0.6438,1.5857,0.6937,0.9745,0.7682,1.5846,1.3204,0.6561,1.312,1.7554,1.4368,0.3472,0.4907,0.7434,0.4899,0.3181,0.6198,1.7013,0.8731,1.7716,0.9382,0.6452,0.6113,1.8002,1.2424,1.1215
Cell_227,1.6454,1.6652,1.1408,0.7577,1.7028,2.071,1.2775,1.0074,0.4649,0.6175,0.6188,1.2738,1.2117,0.3721,1.3704,3.342,3.4483,3.6709,4.593,4.3247,2.3612,0.3383,0.433,0.7667,0.3649,1.0313,1.3123,1.4155,1.5984,1.1101,1.7192,1.2655,0.6783,1.2604,0.8122,1.0525,1.3806,0.5425,0.9526,1.023,1.5842,0.9719,0.8863,0.2206,0.5868,0.7587,1.1844,1.553,1.4272,1.152
Cell_228,0,0.9426,0.2695,0.9663,0.3593,1.1448,0.262,0.8503,1.6903,1.0226,0.5955,0.6744,0.6713,1.3644,0.4122,4.4702,4.2813,4.311,2.512,4.4093,0.6595,0.384,0.5014,1.1038,1.2438,1.1672,1.249,1.0212,0.6933,2.0467,1.3701,0.0349,1.2525,0.7161,0.9258,1.2822,0.6576,1.3371,0.2678,0.9973,1.1626,1.2464,1.2871,1.6945,1.1206,0.8327,1.4984,0.287,1.122,1.427
Cell_229,1.1049,1.5752,0.9057,0.6367,1.7599,0.729,1.3173,1.741,1.6669,0.9192,0.6694,1.2622,0.6454,0.4938,1.4249,3.9072,3.6734,3.2923,4.0664,3.1638,1.5249,1.1915,0.8125,0.4535,0.4348,0.7969,1.263,1.3603,0.7002,1.1553,0.6868,0.6489,0.3045,1.0548,0.447,1.609,2.0899,0.7844,1.2556,0.4177,0.7796,0.7186,0.824,1.1505,0.1971,1.6582,1.785,0.3025,0.8904,1.0726
Cell_230,0.9042,1.5124,1.91,0.8718,1.4853,1.0911,0.6552,1.1846,0.8618,1.0603,0.0028,0.581,0.79,0.527,2.0416,2.7874,4.0736,4.8981,3.9442,4.4419,1.1616,0.758,0.7639,0.8817,0.8046,1.1505,0.6723,1.8045,1.7128,0.6676,1.5321,1.1577,0.5294,1.4053,1.3283,1.6818,1.4898,1.0491,0.936,1.1502,1.2826,0.1882,0.449,1.1876,1.4411,1.11,1.0359,0.8179,0.6588,0.9876
Cell_231,0.6817,0.8372,1.6048,0.8394,0.7727,1.0428,1.7754,0.7043,0,1.2621,0.9124,1.5312,0.6326,0.4025,1.7354,3.5503,4.3469,4.2792,4.8285,2.9577,1.0797,0.953,1.3012,0.9073,1.0508,1.128,1.2638,1.5779,1.7965,0.3279,1.2498,0.5272,0.2172,1.8589,1.4943,1.2544,0.1528,1.2392,0.9173,0.3477,0.7698,1.1011,0.3269,1.2693,0.1434,0.9889,1.1136,1.6729,1.2521,0.5218
Cell_232,0.9194,0.5891,2.0677,1.0083,0.3244,0.7271,0,1.0601,0.2674,0.8327,0.2365,0.9124,0.9812,1.2952,0.8718,3.0578,3.6668,4.5223,4.1835,5.0213,0.897,1.6692,1.4179,0.925,1.4632,0.2258,0.4465,1.2019,1.1739,0.5184,1.6737,1.0113,1.8291,0.6575,0.56,0.4402,1.3178,1.8127,1.7022,1.0972,1.4182,1.6159,1.2836,1.1985,1.1101,1.325,0.403,1.289,0.9662,1.2022
Cell_233,1.27,0.2392,1.9342,1.0787,0.9019,0.8258,1.4482,0.9795,1.5996,1.3108,1.3563,1.0322,1.7078,0,2.1048,2.4889,3.521,2.7967,2.5857,4.2929,0.8471,1.5605,0.9822,1.3954,0.7573,0.9593,0.969,0.4966,0.4227,0.1048,1.389,0.8699,1.03,0.5239,0.8473,1.334,0.8082,0.4577,0.9588,0.6647,1.0032,1.2981,0.3999,2.4117,1.227,0,0.7479,0.9572,1.3379,0.2269
Cell_234,0.6801,0.9479,0.7311,0.2435,1.5178,0.1855,1.5019,0.3066,0.5401,0.861,1.48,0.6013,0.3931,1.1459,0.7065,3.5742,3.5487,3.9863,3.4106,2.553,0.8735,1.0836,0.896,1.0305,1.3582,0.445,1.2155,1.2304,0.2117,1.5791,0.4974,0.2972,0.8353,2.2781,0.3813,2.3147,0.7954,0.5091,1.5049,0.3476,0.4339,1.6265,1.2595,0.9319,1.0797,2.1671,1.1872,0.6617,1.1799,1.5876
Cell_235,1.7326,0.6402,1.551,0.7605,1.6056,1.5715,0.9462,0.9716,1.3642,1.0618,0.2338,1.5154,1.7241,1.1431,1.2016,5.0788,4.7233,5.0333,3.7984,3.465,0.6411,0.573,1.2404,1.7084,0.6967,1.2072,0.9099,1.5927,0.98,0.9964,0.5687,1.0143,0.3958,1.7494,1.0896,1.2244,1.7558,0.7015,1.2827,0.7263,0.2537,2.3665,1.7402,1.2416,0.9811,1.1202,0.7533,1.2253,0.6183,1.3866
Cell_236,1.4414,1.1695,0.8184,0.9116,0.6834,0.3686,0.4569,0.3382,0.1796,0.9411,1.1189,0.7835,1.3212,1.145,2.0953,3.1021,4.3921,4.631,3.0514,3.6293,0.6708,1.1396,1.2557,0.4003,1.4586,1.5672,1.0033,1.1408,1.3812,1.3092,1.468,1.5761,1.705,0.6463,1.7816,1.4485,1.5665,0.6674,2.27,0.5346,0.3809,0.5247,0.4799,1.7302,1.6094,0.451,0.8147,0.5886,0.9224,1.7523
Cell_237,1.0153,0.1389,0.8063,1.2677,1.0682,1.4341,0.7689,1.0294,1.3028,1.7912,0.9772,1.7361,0.8363,0.5153,1.0902,4.202,3.6994,4.5581,3.7337,4.2786,1.1834,0.7451,1.1577,0.8603,0.6336,0.3516,1.0223,1.527,0.6156,1.0279,1.011,0.8248,1.5569,0.1947,1.3636,0.9787,0.6863,1.3552,1.005,1.3241,0.6517,1.5258,1.4205,0.9787,1.6361,1.3177,1.633,0.5698,1.4336,1.1181
Cell_238,0.9427,1.1988,0.8236,1.5089,1.7722,0.7006,2.1453,1.0402,0.5508,1.24,0.5618,0.8667,0.5741,1.3007,2.1916,3.8623,5.5495,5.5726,3.5419,4.524,1.6689,0.0101,0.9548,1.1108,0.5159,1.8457,1.8191,0.613,1.1606,0.8584,0.3724,0.4838,1.1368,1.1895,1.1999,1.1677,0.9365,0.5442,0.834,0.6658,1.5407,0.709,0.4812,1.9151,0.9368,1.252,1.7659,0.6807,0.2163,0.1938
Cell_239,0.8353,1.6708,1.6427,1.1297,1.4773,1.0725,0.4875,0.6629,0.837,0.353,0.2182,0.5116,1.4643,1.3009,1.3685,2.775,4.2093,3.8831,4.8603,4.0086,0.5952,1.4044,1.2219,1.06,0.9416,0.5026,0.2457,0.4414,0.6507,0.8436,1.3043,1.2112,0.4008,1.2348,1.5865,0.7778,0.3729,1.4177,1.5028,0.8969,1.8391,0.7817,1.5586,0.7271,0.5542,1.0733,1.3969,1.1131,1.3014,0.8865
Cell_240,0.8682,0.141,0.4007,0.8572,1.5165,0.3328,1.2116,1.2551,0.6438,1.1465,0.9488,1.2633,0.4614,0.0294,1.074,4.9975,3.9601,4.5918,2.7315,4.3432,0.9071,1.2928,1.6122,1.276,1.3543,1.2947,0.5206,0.2746,1.4954,0.7782,0.8876,0.6317,1.4322,1.1112,1.9834,0.2496,1.5692,1.3028,1.4293,1.6599,1.0589,0.9665,1.5642,0.8916,1.313,1.1531,1.2189,1.5227,1.2291,1.1461
Cell_241,1.0061,0.9926,0.9863,0.8682,0.9438,1.6079,0.8628,0.6281,0.8579,0.0943,1.9291,1.1471,2.1515,0.3169,1.7521,3.9592,4.4131,4.0911,4.4198,3.5215,0.775,1.285,0.6781,0,1.5455,0.6941,1.7488,1.3722,0.9019,1.0228,1.5041,0.409,1.3077,1.0347,0.8659,1.2206,0.8236,1.2408,2.1005,0.3763,1.1066,1.8057,0.6756,1.336,0.6351,0.7285,1.196,1.6226,1.9276,1.8387
Cell_242,0.4842,1.0797,1.0964,1.0214,0.7776,0.6359,0.8877,1.089,1.372,0.3459,1.0601,0.8847,1.2087,1.2694,1.4449,4.5566,4.0228,4.1087,2.8952,3.4615,1.2608,0.4859,0.5745,0.6674,0.961,0.9865,0.9535,1.0169,1.4521,1.2026,1.8828,0.4134,1.2542,1.069,0.9949,0.8885,1.1526,0.5572,1.1095,0.4233,1.1527,1.0782,0.5827,0.7998,1.2333,1.1331,0.6141,1.0586,0.902,0.87
Cell_243,1.2536,1.4224,1.0881,1.1755,1.0441,1.6317,1.0013,1.4569,0.323,0.4787,0.6235,1.4611,0.6236,0.3502,0.24,3.932,4.626,3.4308,4.2178,4.1189,0.5596,1.0372,0.9744,0.5825,1.5958,1.9569,1.1657,0.7125,0,0.2456,1.317,0.8208,2.2076,0.4306,1.7038,1.0736,1.0643,1.3556,0.9224,1.2293,0.7572,0.7823,0.2615,0.2001,1.773,0.8866,0.8435,0.8361,1.0571,0.5148
Cell_244,1.0481,1.1633,1.2564,0.0917,0.5653,0.279,0.933,1.1911,0.3072,1.5585,1.5571,0.9381,0.6907,0.7974,0.7766,5.0365,3.6067,3.8604,4.8236,3.8526,0.3492,0.4183,0.8746,1.0382,0.1583,0.926,0.9593,1.304,0.8037,0.7486,0.6284,1.1978,1.1101,1.2168,1.2561,0.6229,1.7294,1.1549,0.2028,1.2071,1.3889,1.2058,0,0.6776,0,1.3149,1.4294,0.3237,1.0134,0.7304
Cell_245,1.3257,1.1975,0,0.7528,0.5657,0.235,0.7287,0.4621,1.4248,1.2659,1.1715,1.4914,1.221,1.3766,2.1259,3.2329,4.0257,3.2654,3.0538,4.4701,1.3749,0.7667,0,0.9708,0.3294,1.2084,0.0971,0.3853,0.1686,0.9848,1.2371,0.9402,0.2584,1.3371,1.4046,0.5068,1.5532,1.3091,1.1609,1.2884,0.2036,0.8928,0.9832,1.6429,0.0981,1.4366,0.0098,0.607,1.4546,1.4196
Cell_246,1.069,0.2335,1.7097,0.944,1.0771,0.1177,0.8991,1.8124,1.5814,2.0326,0.906,1.4699,1.5106,0.6402,1.3778,4.4775,3.3034,3.7137,3.5868,3.2952,1.6781,2.1936,1.9783,1.5296,1.4197,0.0042,0.8952,2.4222,0.8235,0.761,1.0242,1.1968,2.1162,1.763,1.5065,0.662,0.7872,1.294,1.0925,0.7808,1.2663,0.9895,0.7889,0.6982,0.9752,1.2264,0.3429,1.1864,0.7715,1.04
Cell_247,0.98,0.8605,0.3798,1.3121,1.3639,0.6878,1.1306,0.4914,0.1914,0.8715,1.5059,0.3865,1.1381,0.8353,0.8598,3.8503,3.6087,3.9267,4.5467,4.3773,0.0839,1.4201,0.6273,0.638,0.7534,0,0.4067,0.4541,0.9793,1.4369,1.3902,0.3342,1.3699,0.7851,0.838,1.2832,1.2779,1.6157,0.5369,0.8721,1.1868,0.9183,1.1361,1.4293,1.1559,0.9465,1.9103,0.926,0.996,0.9254
Cell_248,1.2215,0.3727,0.4249,0.8183,1.4859,0.1281,0.8456,0.7965,0.5858,0.4629,0.8354,0.9626,0.8245,0.8004,0.2012,3.7667,4.0881,4.4476,4.2093,4.3548,0.788,1.0669,0.9962,0.7666,1.7671,1.7911,0.7813,0.5571,0.7982,1.783,0.9179,1.2171,1.8861,1.2462,0.8311,0.7661,1.8148,1.0853,1.4727,0.3359,1.0094,0.1827,1.1591,0.9542,1.1998,0.6052,0.2363,0.7742,1.084,0.2522
Cell_249,0.8717,0.5143,0.5875,0.6683,1.2646,1.0966,0.8817,1.5963,1.1537,0.4491,1.6252,1.0994,0.6189,0.8417,1.1664,3.8298,4.2317,4.6401,4.8899,3.7887,1.1749,1.3722,1.165,1.1857,1.3332,0.1922,0.3605,1.1836,0.9988,1.3612,0.9504,1.1384,0.0425,1.6852,1.8401,0.9452,1.2624,1.5633,0.6792,1.0634,0.4374,1.4983,1.3591,0.5845,0.3469,0.4685,1.1641,0.6122,1.3418,0.6027
Cell_250,0.8123,0.9181,0.9726,1.3614,0.6105,0.7826,0.8773,0.2379,1.545,1.6064,0.0829,0.8822,0.9028,0.6634,0.7817,3.6885,4.2375,3.4251,5.0437,3.3738,0.9944,0.9842,0.7884,1.439,0.9102,0.6983,0.7704,0.2817,1.3455,0.9674,1.4097,0.9199,0.8526,1.592,0.7597,1.8206,1.0626,0.8655,1.9854,0.596,1.0633,1.1611,0.316,1.938,1.5483,0.4104,0.8897,0.1595,1.096,1.6675
Cell_251,0.6294,0.8596,0.4606,0.6587,1.5478,0.5533,0.6728,0.637,0.8015,1.5476,1.2363,0.617,0.9361,1.6091,1.1448,3.0036,4.4267,3.6121,4.9209,4.3753,0.1999,0.7196,0.7802,0.8248,1.3344,0.8247,0.5396,0.9631,0.1093,1.2252,1.0596,0.8379,0.8604,1.5355,1.0456,0.9344,1.2879,1.037,1.1289,0.9955,0.8056,1.254,1.3453,0.0594,0.3106,0.9161,0.7525,1.5432,1.0181,0.6867
Cell_252,0.6068,1.2571,0.74,1.3349,0.4368,1.0621,1.2354,2.0231,1.8124,1.1218,1.1826,0.086,1.7523,1.4672,0,4.396,2.8857,4.1699,2.9534,4.3067,1.7305,1.1588,0.3668,1.0851,1.3702,1.2714,0.5172,1.0637,0.8621,0,0.1604,1.351,1.8182,1.0466,0.6606,1.2038,1.0799,2.0439,1.7972,0.449,0,0.1807,0.7969,0.6913,0.7898,1.4556,1.0933,1.0115,0.303,0.8427
Cell_253,1.1071,1.0093,0.6176,1.3345,0.3417,0,1.6832,1.2663,0.4621,1.1782,1.0725,1.6116,0.5581,1.5685,0,3.3042,3.2854,3.7629,4.3433,3.1858,0.4413,0.7357,0.5949,0.7168,0.5719,1.2131,1.3729,0.871,0.8042,0.5874,0.8877,1.5202,1.1066,1.227,1.3419,0.7965,1.0059,0.3722,0.7912,0.5243,0.6451,1.0585,0.9274,0.9715,0.7334,1.2015,0.9569,0.9832,0.3176,2.0693
Cell_254,1.1722,1.7277,0.3832,0.8998,1.3261,0,0.6384,1.1321,1.227,1.2883,1.3769,0.6035,0.6519,0.9627,0.6133,3.3678,4.7341,4.3604,2.7495,3.7344,1.645,0.7013,1.7593,0.825,0.4072,2.5354,1.237,0.9062,0.0045,1.1793,1.1755,0.9344,1.8276,1.2712,1.4422,1.2625,0.424,1.3261,1.2729,1.4755,1.119,0.7195,0.5614,0.8681,1.5001,0.7672,1.6379,1.3556,0.2088,0.8855
Cell_255,1.1827,0.7313,0.8427,0.6582,1.4815,0.9433,1.2335,0.7429,0.3631,1.9424,0,1.1458,0.952,2.1619,0.6929,4.1441,4.0302,3.5932,2.7507,3.9586,0.8302,0.6897,0.8429,1.4179,2.0925,1.5107,0.7597,0.5586,1.6047,1.0259,1.1955,1.3292,0.8462,1.2556,0.7425,1.365,0.8101,1.0829,1.1906,1.2046,0.0797,0.6118,0.329,1.0403,1.7717,0.6961,0.2254,1.3403,0,0.8656
Cell_256,0.7543,2.0254,0.6771,0.9806,1.3585,0.0742,1.5431,0.6574,0.9102,1.6741,0.8989,0.64,0.6813,0.8185,1.8433,4.8052,3.972,3.3032,3.1969,3.2064,1.343,1.1041,0.9457,1.5325,1.0039,0.3959,0.6109,0.6163,0,0.8614,1.8916,0.8147,1.6582,1.0385,1.2996,0.7848,1.1146,0.9417,0.9986,1.2899,1.0314,1.5305,1.0055,0.85,1.0034,1.0279,1.4016,0.908,1.4066,0.9172
Cell_257,0,1.5172,0.7451,0.4267,0.6983,0.1042,1.7636,0.9957,0.6421,1.0957,0.5446,1.5953,1.9059,1.6785,1.1791,3.7325,4.3829,4.8899,3.7911,5.4482,1.3714,1.0983,1.0548,1.0566,0,1.5834,0.9791,1.4994,1.1281,0.6697,1.0846,1.1807,0.7958,0.8335,1.0652,1.0725,1.041,0.6562,1.0988,1.0432,1.2256,1.054,1.1732,1.099,1.4753,1.184,0.9126,0,1.324,1.815
Cell_258,0.8295,1.0682,0.2878,0.4265,0.9755,1.7015,0.8616,1.0083,1.3273,0.8549,1.6865,0.9255,1.4352,0.7676,1.1872,4.244,4.1297,3.9702,3.0895,3.7266,0.6214,0.9457,0.6295,0.8652,2.0035,1.2862,0,0.6137,0.9059,1.1156,0.6929,1.6998,0.641,0.7613,1.0401,0.8516,1.2771,0,0.9782,0.6319,0.7013,1.624,0.4162,1.125,0.4861,0.2212,0.4646,1.2407,1.2239,0.038
Cell_259,0.6234,0.9495,0.1734,0.972,0.3904,0.6936,2.0642,1.5852,1.5836,1.8728,0.679,0.5778,0.9613,0.916,0.5551,3.6403,4.0209,2.5064,4.1712,3.4841,1.1991,1.5102,0,0.8784,0.9945,1.56,0.6467,0.812,1.2743,1.1557,0.6156,1.6608,2.0923,1.0778,1.4867,1.7389,1.5715,0.801,1.6739,0.766,1.1493,0.6436,1.0717,0.174,1.8517,0.2065,1.5128,1.2805,1.2809,1.1677
Cell_260,0.8052,0.2009,0.9263,1.5291,0.5733,0.5369,1.3571,0.1572,0.5559,0.9155,1.3172,1.8591,1.5496,0.295,1.2262,3.8308,3.6534,3.998,2.4317,3.5541,0.4487,1.6939,1.2509,0.2799,0.381,0.6593,1.3367,1.2546,0.4546,1.0067,0.7776,1.4197,0.5415,1.5245,0,1.4566,1.2201,1.1013,1.5945,0.8784,1.4545,0.6816,1.7593,1.1349,1.4494,0.0993,1.7537,1.5279,0.5253,1.6016
Cell_261,1.145,1.5025,0.3433,0.9711,1.2555,0.4859,0,1.4036,2.5541,1.7234,1.1446,1.4878,0.8637,1.0802,0.879,5.0912,2.7239,2.8058,4.4584,3.9457,1.7008,1.8703,1.0986,2.1949,1.0145,1.2338,0.808,0.6686,0.0829,0.5759,0.6133,1.2324,1.0542,0.9294,1.4024,0.9567,1.2858,0.351,1.8384,1.5185,0.5466,0.8855,0.5049,1.0586,1.2442,1.0656,0.4245,0.7417,0.8913,0.0979
Cell_262,1.2128,0.7195,0.5628,1.5369,0.6024,1.6957,1.2517,0.348,0.8986,0.6017,1.5392,1.2368,1.6466,1.4931,1.4139,4.3413,3.6397,3.5962,4.5073,3.0991,1.1935,1.1839,1.2099,0.891,0.663,0.3942,0.7175,0.8775,0.5406,1.9828,1.7026,1.4875,0.5314,0.839,1.0948,0.8688,0.8868,0.4815,0.1054,1.7002,1.4258,1.5084,0.9192,0.834,1.3176,1.6285,1.2019,1.298,1.3161,1.0597
Cell_263,0.654,0.7036,1.328,1.3877,0.4102,1.4188,0.2283,1.1753,0.816,1.5851,1.2693,1.4563,1.6704,0.9825,0.583,4.9683,3.9212,4.1497,4.4647,3.3266,1.2698,0.7864,0.6019,0.6822,0.899,1.466,0.8511,1.4125,1.6697,0.9667,0.9699,1.1065,0.7446,0.9351,2.0824,0.8051,0.7046,1.1094,0.7144,0.7478,0.7942,1.0307,1.8118,1.1141,0,1.1164,0.7732,0.6645,1.0475,1.3115
Cell_264,0.8732,0.9031,1.2325,0.5797,1.0988,1.3797,1.1843,0.9897,0.5575,1.6812,0.3905,1.2099,2.2999,0.5696,0.9259,4.7196,4.5515,3.0698,2.9512,5.346,0.4502,0.7504,1.5172,1.4243,1.1611,1.1894,0.6856,1.2649,1.0003,1.6907,1.4479,0.9303,0.9924,1.0287,1.3434,1.2867,0.876,1.3446,0.7614,0.8424,1.0428,0.6123,1.2261,0.7169,1.0376,0.2991,0.5461,0.7129,1.0,1.0994
Cell_265,0.4376,0.7059,1.6381,1.0163,0.3267,0.487,0.2045,1.0202,1.8321,1.4985,1.0454,1.3733,0.8859,1.4887,0.8411,4.4897,4.5122,5.1633,4.0332,3.451,0.5974,2.5796,0.428,1.0024,1.6746,0.9069,1.2141,1.0369,2.0074,0.7882,0.1132,1.1221,1.388,0.4467,1.027,0.928,0.7209,1.8983,1.1419,1.4692,1.3264,1.2995,1.6612,0.8101,1.0833,0.9862,1.0584,1.2762,1.578,1.408
Cell_266,1.4595,1.3703,0.9185,0.385,0.524,0.0556,0.5686,1.7101,0.6159,1.6398,0.3213,1.0174,1.0521,1.0981,0.7771,2.756,3.3095,4.118,4.4669,3.9152,1.3018,0.3199,1.0969,0.6985,0.9177,1.144,1.2123,0.2922,1.5547,1.2142,1.2625,1.1855,0.623,0.954,1.2911,0.8805,1.8595,0.9523,1.7255,0.5539,0.7503,1.1403,0.9118,1.7509,0.9465,1.4479,0.9034,1.4971,0.4738,0.4869
Cell_267,1.4153,0.5594,1.5297,1.199,0.5207,1.0083,1.6118,1.2141,0.6378,2.1755,0.6763,2.0568,1.1219,0.9594,1.2849,2.8819,3.2195,4.5004,3.519,4.5084,0.7372,1.5703,1.5857,1.2922,0.8289,1.2903,1.2095,0.91,1.291,0.1058,0.8383,1.0236,0.4317,0.9773,0.3049,0.7099,0.2886,0.2376,0.3163,0.9645,0.247,0.6483,0.1693,1.1279,0.1573,1.5047,0.8275,0.7082,1.1095,0.7586
Cell_268,0.1212,0.8271,0.2837,0.3268,0.9531,2.095,1.3178,1.221,1.091,2.104,1.0499,0.9126,0.8834,0.9072,0.3647,3.4394,4.0681,3.6267,4.3094,4.3137,1.0318,0.3792,1.2528,1.1817,1.2635,0.4769,0.1324,0.9102,0.9218,1.3014,1.4745,1.5742,1.2541,0.8779,1.6772,1.6003,0.5937,1.2959,1.4303,0.9444,0.6196,0.8121,0.5886,1.3148,1.4942,1.034,1.1914,1.0868,0,0.715
Cell_269,1.5608,1.6728,0.1116,0.5629,0.8318,0.862,1.1106,0.2921,1.5873,0.7915,0.8977,2.1193,0.7264,1.3454,0,5.2834,4.1947,3.4757,4.5748,3.5673,0.9592,0.8254,1.7949,0.8384,1.2974,0.814,0.3959,1.1842,0.748,1.0102,0.6509,1.0023,0.8533,0.8242,1.2302,1.163,0.7694,1.3711,0.9644,2.3655,1.1171,0.6651,0.628,0.3512,1.4571,1.2085,0.821,0.8195,0.6358,1.1347
Cell_270,1.3481,1.2447,1.0983,1.1127,1.7041,0.8142,1.5973,0.9496,1.9581,2.0672,1.9618,1.0247,1.1303,0.9311,1.0513,3.7667,4.4095,3.0239,3.8596,3.7056,0.7487,0.7888,0.9945,0.8321,0.7784,1.4477,0.7303,1.3816,0.0897,1.905,0.7581,1.2167,1.5033,0.3054,0.3504,0.9072,0.6107,2.1926,0.4858,1.239,1.2744,0.1815,0.6883,1.3322,0.6327,0.9473,1.1395,0.6103,0.9667,0.8314
Cell_271,0.6493,1.3661,0.8616,0.5728,0.8899,0.6528,0.409,1.4936,1.5121,1.2141,1.3777,1.149,0.3131,1.4896,0.7427,4.7545,4.1703,3.7364,4.823,3.7777,0.0511,0.1705,0.8133,1.3394,1.1288,1.206,0.6774,0.9193,0.5607,1.2974,0.9154,0.6489,1.8317,0.4642,0.2742,0.1983,1.0808,0.7534,0.3327,0.7928,0.749,1.2701,1.3213,0.3884,1.0272,1.6898,0.8569,0.7646,0.4604,0.7833
Cell_272,0.267,1.4091,0.5744,1.0875,1.4112,0.7361,1.0909,0.6063,1.5469,1.2477,0.6664,2.1593,1.1759,0.5534,0.2566,4.4306,4.5728,4.1845,3.9096,3.0186,0.2827,1.9185,1.0388,0.491,0.47,0.8541,0.5147,1.7367,1.0097,0.3634,0.9904,1.4458,1.9992,0.1487,0.7027,0.6815,0.8623,0.6596,1.7894,0.4215,1.0343,0.7005,1.0421,0.7031,0.7661,0.4869,0.9603,0.8003,0.7079,1.7317
Cell_273,0.2621,1.8696,1.1898,1.2123,1.0604,1.7791,0.4011,0.9556,1.1047,1.0343,1.1953,0.5006,1.4583,0.9522,1.3499,3.6203,3.2574,3.7387,4.7916,3.25,0.8131,0.753,0.2522,0.8816,0.3568,1.371,1.1198,0.7373,1.1143,1.2221,0.4568,2.3279,1.4323,0.2023,0.7796,0.972,1.1105,1.1072,0.5843,2.0265,1.5331,1.147,1.6886,0.9014,0.3864,0.2717,0.4402,1.4003,0.9302,1.1681
Cell_274,1.3602,1.3622,0.46,1.1159,0.8673,1.4101,1.2122,1.5484,2.2576,0.7506,1.5038,0.1793,1.8856,0.2144,1.0529,3.6993,3.9308,3.425,4.5688,1.9753,1.6272,1.0713,0.7749,0.6554,0.8144,1.4835,1.2895,2.1231,1.2911,1.1544,0.4244,1.2608,0.1328,0.2487,1.0734,1.6892,0.7968,1.143,0.6109,1.1258,1.7665,0.5903,0.4943,0.0596,1.4374,1.4024,1.061,0.5255,0,1.7601
Cell_275,2.024,0.7008,0.1882,0.7849,1.3193,1.2012,1.0672,1.0498,0.6695,0.9437,1.4132,0.7707,1.5742,0.8149,1.7635,4.1526,3.6634,4.0192,4.0247,3.422,1.3292,2.1779,1.2966,0.7463,1.1062,0.1569,0.2934,1.0098,1.0288,0.6601,0.7192,0.2451,1.2633,1.2548,1.136,0.2221,0.596,1.2214,2.4729,1.75,0.829,0.6966,0.7677,1.2141,0.8584,0.4751,1.3409,0.5932,0.2381,1.6198
Cell_276,1.3243,0.1963,1.1351,1.3646,1.5143,0.5663,0,0.9456,0.2607,0.7201,1.1323,1.3045,1.2171,0.712,1.2717,4.2093,4.238,5.0735,3.8993,3.8532,0.6154,1.2182,1.0422,1.0507,1.1072,1.29,0.4642,0.9823,0,1.0329,0.747,0.7947,1.2087,0,1.4065,0.634,0.5565,1.4064,0.8356,1.2762,1.0617,0.471,0.7999,1.4275,0.0116,0.6368,1.3294,1.7575,1.1762,0.373
Cell_277,1.0437,1.0976,0.9037,0.9591,0.7299,1.6892,0.3617,1.2772,0.6516,0.6008,1.7005,0.8492,0.223,0.9005,0.6495,3.9633,4.2606,3.6614,4.2038,3.2342,1.1663,1.9581,1.3461,1.3308,0.4234,1.3585,1.8868,0.4339,0.3772,1.1018,1.1043,1.1259,0.4093,1.2976,0.6019,0.591,0.3411,1.6174,1.0708,0.9966,1.442,0.5571,0.7625,0.4676,0.4309,1.6602,1.4537,0.5326,1.6737,0.69
Cell_278,1.3394,0.6474,1.8037,0.7523,0.5569,0.8037,0.4398,1.4503,1.9711,0.2952,0.9389,0.233,0.7331,0.3722,0.9896,4.7225,4.2909,3.9495,4.1052,3.6009,1.0516,0.8753,1.2581,0.7551,1.8772,0.995,0.5605,1.3946,1.8555,2.073,0.6659,0.808,1.459,1.1053,1.5547,1.0139,1.6062,0.692,0.6099,0.514,1.3614,0.4706,2.0122,0.9096,1.2125,1.3661,0.8468,0.3504,1.811,1.0679
Cell_279,0.6809,0.3564,1.1858,1.2973,0.9826,0.9205,2.1598,1.306,1.5648,0,1.2783,1.6093,1.0646,1.4891,1.1083,3.1312,3.4095,2.8489,2.7899,4.3352,0.9726,0.5829,0.5897,1.21,1.683,1.3045,0.9264,0.7597,0.5126,0.9353,0.4984,1.1839,0.7233,1.3707,0.831,0.7794,1.4482,1.6136,2.0492,1.4455,0.9512,0.3987,1.6608,0.7614,1.8028,1.1318,0,1.1392,0.5109,0.728
Cell_280,1.0086,1.5232,0.4141,0.0754,0.9485,1.5244,1.0469,1.7365,1.3591,1.9971,1.4942,0.126,1.028,1.0218,0.9959,4.5164,5.4922,4.1413,4.5694,4.355,1.1595,1.9711,1.4259,0.9927,0.2519,1.1299,1.6003,0.7369,0.7714,0.7473,0.499,1.3989,0.484,1.5823,1.3967,0.7318,1.9713,1.2015,0.7028,1.6914,1.3129,1.6318,1.1702,0.9174,1.516,0.2289,0.9365,0.4754,0.7724,1.323
Cell_281,0.1372,0,0.6622,0.3313,0.5653,1.4779,0.51,2.0383,1.378,1.6598,1.6196,1.0427,0.5426,1.472,0,4.7043,4.5181,3.2039,3.9558,4.0473,1.0409,1.6058,1.4709,0.7928,0.6469,0.7247,0.6628,0.8345,1.0778,1.7765,1.2747,0.4507,0.7049,0.9323,1.7606,0.7309,1.5124,1.8913,1.6813,0.3189,0.6675,0.9845,1.1614,0.4919,0.6577,1.0373,0.4691,0.4329,0.9125,2.2131
Cell_282,1.1375,1.3082,1.1447,0.5411,1.8684,1.3098,0.5922,1.0003,1.4623,0.9769,0.8791,1.4291,1.6093,1.3599,1.0306,3.9431,3.3276,3.9337,4.3509,3.2417,1.6653,0,1.0716,0.9692,1.3004,0.6859,1.5767,0.8762,0.966,1.3835,0,0.7915,2.1672,0,1.109,0.5311,1.1679,1.0542,0.3759,1.5223,0.2315,0.9741,0.7595,0.8669,1.5272,0.1942,1.0888,0.3817,0.1959,1.7561
Cell_283,1.8279,1.4199,1.2925,0.2016,0.9142,0.7302,1.3465,0.8826,1.0985,0.4104,0.557,0,1.5489,0.7306,2.0943,3.2035,4.3104,3.1655,2.8404,3.4441,0.672,1.2765,1.1174,1.0512,0.0197,0.5656,0.9375,0.9511,0.1109,0.8049,0.7471,1.2618,1.0574,0.7469,0.9157,2.0593,0.752,0.685,0.7098,1.7443,0.3365,1.2289,2.5293,1.3788,0.3013,0.6547,0.6452,0.7001,0.6241,0.6309
Cell_284,1.5584,1.3684,1.3749,1.9859,1.9441,0.6273,0.501,1.1948,0.8616,1.3372,1.47,0.7442,0.293,1.3343,1.747,3.7366,3.4526,3.8978,4.1175,4.1339,1.3504,1.131,0.2159,1.4609,2.0664,1.1108,1.4721,1.5934,0.785,1.3413,0.701,0.3808,1.5626,0.8577,1.3099,1.0132,1.4431,1.0471,1.0305,0.4713,1.3541,0.9632,1.1561,0.8749,1.4463,1.0658,0.0265,1.0033,1.3274,0.9252
Cell_285,0.9516,1.2244,1.084,1.6056,1.3155,1.1074,1.8353,1.2615,1.4448,0.4633,1.5364,0.8545,2.3351,0.913,1.1326,3.6097,5.0225,3.8511,3.3932,3.4166,0.9982,1.2185,1.5343,1.2604,1.2349,0.786,0.8948,0.926,0.8016,1.3321,1.1869,1.3675,1.7458,1.4708,0.68,0.9308,1.2025,1.4488,1.3311,0.1495,1.2334,0.7992,0.9866,1.3426,0.0668,1.6601,1.5681,0.7011,0.5694,1.1037
Cell_286,1.668,0.9513,1.5042,1.2276,2.2269,1.373,0.8466,1.3865,0.6272,1.106,0.5082,1.1393,1.4402,0.8464,0.3964,5.3848,4.6893,3.3567,4.0525,3.0902,0.0013,1.5265,1.1102,0.3331,1.8134,0.5726,0.5103,1.189,1.1833,1.0649,0.3953,1.055,0.845,1.0113,0.5239,1.5324,0.8265,1.2957,0.8223,0.6533,0.8038,0.7939,0.7343,0.768,1.2675,1.2801,0.8543,0.6,0.8911,1.0855
Cell_287,1.3102,0.3313,0.9733,0.3367,0.9816,0.8967,1.6191,1.0635,1.8068,2.4377,1.6814,0.8016,0.056,0.8002,0.5435,4.7452,4.1458,4.4138,3.3244,4.1382,0.723,1.011,1.3149,0.9271,0.0654,0.8936,0.6813,2.0863,2.0274,0.3053,1.3402,0.3717,1.8307,1.5489,1.1232,1.1081,1.5157,1.9482,1.4657,1.5625,0.4989,0,1.4859,1.0732,1.2641,1.3626,1.1766,0.0015,1.8565,0.9913
Cell_288,0.5174,1.4085,1.6952,0.2481,1.42,1.1231,1.0084,1.3401,0.6838,0.3569,1.1238,0.4658,1.0908,0.9137,1.1249,3.9893,4.5643,5.1711,4.3522,4.8794,1.4648,1.6172,0.985,1.1857,0,0.5708,0.5378,0.8415,0.7704,0.9424,1.4313,0.7863,0.7168,0.8236,0.7847,1.4433,0.6546,1.3928,1.2419,1.7511,0.1858,0.8362,2.1903,0.3312,1.7571,1.2855,1.5335,1.2279,1.225,0.9557
Cell_289,1.146,0.8384,0.5388,1.126,1.2549,0.5932,0.9742,0,0.2532,1.4351,0.1383,1.6131,1.3808,0.9375,0.654,3.9224,4.2199,3.7691,3.1465,3.3284,0.6058,0,0.5014,1.5199,1.1881,1.9434,1.0209,0.9297,1.0879,1.1515,1.2627,1.5505,1.0699,1.0051,1.2555,0.3754,1.1231,1.1035,1.1739,0.7391,0,1.4019,1.2265,1.0748,1.442,1.151,0.9734,1.3102,0.7402,1.3257
Cell_290,0,2.2045,1.5465,0.8119,1.5858,2.2489,0.3277,0.7883,1.0498,0.3964,0.6567,1.2733,0.3061,0.6127,1.2151,3.5953,4.3987,3.9395,3.6553,2.9759,0.2375,1.5376,0.0599,0.8262,0.874,0.4982,1.2486,0.2599,1.5928,1.1734,1.1339,1.3069,1.1481,1.5298,1.2727,1.8654,1.4539,1.3852,1.157,1.5844,0.6057,0.9693,0.6165,0.6708,0.3225,1.0623,1.9044,0.9689,0.5964,1.137
Cell_291,1.3777,0.9534,0.5358,0.8072,1.2259,0.2455,0.4355,0.4373,0.4891,0.9565,0.8743,0.1407,0.5914,0.6321,0.5868,4.4009,3.0545,4.6565,4.0255,3.5143,1.0422,1.6716,0.9883,2.019,1.4254,1.0216,1.2505,1.8033,0.9786,0.1599,0.7387,0.7583,0.7532,0.2438,0.879,0.3578,0.2042,1.0372,0,0.4935,0.5534,0.8911,1.7322,1.1297,1.4631,1.1324,0.9305,0.8711,0.6453,0.1891
Cell_292,1.2706,1.2508,0.2442,1.2063,1.2882,0.5758,0.0162,1.529,0.8733,0.4065,1.2244,1.4716,0.0643,1.1107,0.7481,5.4696,5.0091,3.8704,3.3034,3.5325,1.74,1.1136,0.573,1.3845,0.7069,1.1236,0.6508,1.8986,0.3892,1.2279,1.5019,0.2851,0.9099,0.6933,1.3733,1.0754,0.8165,0.8603,0.8807,1.3501,1.8821,1.2089,1.1555,1.7945,0.8771,1.008,1.8672,1.4823,1.1368,0.8718
Cell_293,1.3996,1.6917,0.6201,0.6349,0.3401,0.3968,1.0944,0.2943,0,1.9081,1.5283,1.0044,1.1199,1.2669,0.2089,5.4665,4.9838,3.9255,4.9785,3.8853,0.3659,0.7284,1.3717,1.4546,0.6822,1.6558,1.2614,0.6001,0,0.1554,0.0877,0.5388,0.8626,1.3829,1.3326,1.2905,1.0676,1.4645,1.2584,0.8162,2.0999,0.9928,1.4873,0.8295,1.4714,1.127,1.5507,0.6399,0.9739,0.5333
Cell_294,1.1799,0.2494,2.0359,1.0035,1.8691,1.4159,1.1075,0.939,0.6482,1.1343,0.948,0.397,0.4267,0.2549,0.6729,3.9395,4.0492,4.0184,4.049,5.0418,1.3477,0.662,1.2033,0.6062,1.8786,1.1541,1.4481,1.397,0.6895,1.2925,0.3743,0.3644,2.1354,1.1761,1.1666,1.2193,0.5804,0.9681,1.9906,1.9415,1.8473,0.5086,0.862,1.0951,1.0595,1.653,1.7127,1.1457,1.5224,2.0957
Cell_295,1.5223,0.6598,2.1026,1.4133,1.426,1.534,0.8541,1.1654,1.8476,0.4658,1.8801,0.2177,0.5545,2.2099,0.7827,5.0723,3.7535,3.6131,4.7476,3.3476,0.2591,0.604,0.9045,0.7117,1.2138,0.4114,0.756,1.3145,1.7541,0.0658,0.6807,0.8401,0.7376,0.8879,0.5932,0.5009,1.2182,1.0253,1.3357,0.9091,0.3581,0.9463,0.6995,1.5452,0.7907,0.4406,0.9911,1.4098,0.8719,1.9275
Cell_296,0.8271,1.5656,0.935,1.2815,0.5201,0.7451,1.3988,1.1905,0.4716,0.7985,1.0989,0.8941,0.7645,1.1744,0.4936,5.2075,3.7757,4.1964,4.2322,3.1116,1.1497,1.0093,0.7987,0.8123,1.7852,1.4774,1.2438,0.1514,1.2506,1.1233,1.7221,1.0092,0.5636,0.6169,0.8042,2.5568,0.0761,0.9997,0.8873,1.7081,1.0429,1.1042,0.9746,1.5718,0.784,1.6304,0.2082,1.483,0.5663,0.9145
Cell_297,1.3676,0.921,0.8189,1.204,1.6742,1.4493,0.434,1.1809,0.5938,0.9129,0.8261,0.5561,1.4429,1.1767,0,2.5718,4.8466,5.0519,4.4805,3.9262,1.4875,1.33,1.2945,0.954,1.1548,0.6235,1.4111,0.6577,1.8482,0.2944,0.2272,1.3066,1.5518,0.6336,1.2317,0.9035,0.418,0.4113,0.2563,1.3026,1.7087,1.0689,0.9981,0.3707,0.6335,1.3999,0.6377,1.2216,0.2667,0.8491
Cell_298,0.6169,1.1501,1.6027,1.4439,0.2591,0.3285,1.9928,0.6666,1.8965,1.6955,0.8592,1.7676,0.9357,0.6944,0.5187,3.9141,3.5935,4.606,4.126,4.3029,0.7105,1.4499,0.5406,1.025,0.9073,1.4491,1.0207,1.1253,0.3838,0.7239,1.524,0.727,0.3462,0,1.1327,0.7806,1.9183,0.7419,1.2312,1.2668,0.5282,1.0908,1.4426,0.6472,1.2786,0.2771,0.3864,0.5778,0.466,0.7763
Cell_299,1.2501,1.2241,1.0147,0.7047,0.2911,1.0559,0.8226,0.0398,1.0567,0.685,1.3005,1.747,0.6592,1.3164,0.8808,4.7253,3.9415,4.4964,3.9229,3.495,0.8856,0.9119,1.2142,1.2248,1.2492,1.6524,1.418,0.7514,1.1892,1.696,0.4739,1.248,0.8734,0.8993,1.4728,0,0.2761,0.2863,0.8533,1.3193,0.8935,0.3468,1.0602,0.2945,1.731,0.9132,0.7627,0.9902,1.3009,0.4915
Cell_300,1.0657,0,0.9774,0.9438,1.0626,1.595,0.6434,0.5456,1.473,0.5775,1.8004,1.3367,1.8246,1.0161,0.6128,4.7393,5.0603,4.667,3.521,2.717,0.6702,2.0271,0.7307,0.9998,0.8333,1.1517,1.2545,0.8255,1.4109,0.3445,0.9709,0.0281,1.8652,1.4866,1.0588,2.0538,1.1418,1.0473,0.8603,1.6622,1.2667,1.3593,0.1166,0.9782,0.5984,1.9635,0.509,0.4496,1.4636,0.9587
